variant_id	clinvar_variation_id	clinical_significance	gold_stars	review_status	major_consequence	pos	transcript_id	in_gnomad	ref	alt	vcf_string	residue	spec	in_kinase	is_benign
15-40161225-C-T	3483230	Uncertain significance	1	criteria provided, single submitter	missense_variant	40161225	ENST00000287598	False	C	T	15-40161225-C-T	2	15 40161225 . C T . . .	False	False
15-40161227-G-A	1761599	Uncertain significance	1	criteria provided, single submitter	missense_variant	40161227	ENST00000287598	True	G	A	15-40161227-G-A	3	15 40161227 . G A . . .	False	False
15-40161228-C-T	1765420	Uncertain significance	1	criteria provided, single submitter	missense_variant	40161228	ENST00000287598	True	C	T	15-40161228-C-T	3	15 40161228 . C T . . .	False	False
15-40161230-G-A	133764	Likely benign	2	criteria provided, multiple submitters, no conflicts	missense_variant	40161230	ENST00000287598	True	G	A	15-40161230-G-A	4	15 40161230 . G A . . .	False	True
15-40161239-G-A	533915	Uncertain significance	2	criteria provided, multiple submitters, no conflicts	missense_variant	40161239	ENST00000287598	True	G	A	15-40161239-G-A	7	15 40161239 . G A . . .	False	False
15-40161241-A-C	1428960	Uncertain significance	2	criteria provided, multiple submitters, no conflicts	missense_variant	40161241	ENST00000287598	True	A	C	15-40161241-A-C	7	15 40161241 . A C . . .	False	False
15-40161241-A-T	3826071	Uncertain significance	1	criteria provided, single submitter	missense_variant	40161241	ENST00000287598	False	A	T	15-40161241-A-T	7	15 40161241 . A T . . .	False	False
15-40161242-G-A	3993665	Uncertain significance	1	criteria provided, single submitter	missense_variant	40161242	ENST00000287598	True	G	A	15-40161242-G-A	8	15 40161242 . G A . . .	False	False
15-40161242-G-C	3221382	Uncertain significance	1	criteria provided, single submitter	missense_variant	40161242	ENST00000287598	False	G	C	15-40161242-G-C	8	15 40161242 . G C . . .	False	False
15-40161242-G-T	2107523	Uncertain significance	2	criteria provided, multiple submitters, no conflicts	missense_variant	40161242	ENST00000287598	True	G	T	15-40161242-G-T	8	15 40161242 . G T . . .	False	False
15-40161243-G-C	1019330	Uncertain significance	2	criteria provided, multiple submitters, no conflicts	missense_variant	40161243	ENST00000287598	True	G	C	15-40161243-G-C	8	15 40161243 . G C . . .	False	False
15-40161243-G-T	1790718	Uncertain significance	2	criteria provided, multiple submitters, no conflicts	missense_variant	40161243	ENST00000287598	True	G	T	15-40161243-G-T	8	15 40161243 . G T . . .	False	False
15-40161245-G-A	3221397	Uncertain significance	1	criteria provided, single submitter	missense_variant	40161245	ENST00000287598	False	G	A	15-40161245-G-A	9	15 40161245 . G A . . .	False	False
15-40161245-G-C	4216974	Uncertain significance	1	criteria provided, single submitter	missense_variant	40161245	ENST00000287598	False	G	C	15-40161245-G-C	9	15 40161245 . G C . . .	False	False
15-40161246-G-A	2984430	Uncertain significance	2	criteria provided, multiple submitters, no conflicts	missense_variant	40161246	ENST00000287598	False	G	A	15-40161246-G-A	9	15 40161246 . G A . . .	False	False
15-40161246-G-C	575983	Uncertain significance	2	criteria provided, multiple submitters, no conflicts	missense_variant	40161246	ENST00000287598	False	G	C	15-40161246-G-C	9	15 40161246 . G C . . .	False	False
15-40161246-G-T	1401108	Uncertain significance	1	criteria provided, single submitter	missense_variant	40161246	ENST00000287598	False	G	T	15-40161246-G-T	9	15 40161246 . G T . . .	False	False
15-40161249-C-A	3993729	Uncertain significance	1	criteria provided, single submitter	missense_variant	40161249	ENST00000287598	True	C	A	15-40161249-C-A	10	15 40161249 . C A . . .	False	False
15-40161249-C-T	2964932	Uncertain significance	1	criteria provided, single submitter	missense_variant	40161249	ENST00000287598	False	C	T	15-40161249-C-T	10	15 40161249 . C T . . .	False	False
15-40161252-T-A	3262230	Uncertain significance	1	criteria provided, single submitter	missense_variant	40161252	ENST00000287598	True	T	A	15-40161252-T-A	11	15 40161252 . T A . . .	False	False
15-40161252-T-C	3993681	Conflicting classifications of pathogenicity	1	criteria provided, conflicting classifications	missense_variant	40161252	ENST00000287598	True	T	C	15-40161252-T-C	11	15 40161252 . T C . . .	False	False
15-40161252-T-G	1898776	Uncertain significance	2	criteria provided, multiple submitters, no conflicts	missense_variant	40161252	ENST00000287598	False	T	G	15-40161252-T-G	11	15 40161252 . T G . . .	False	False
15-40165057-G-A	3262213	Uncertain significance	1	criteria provided, single submitter	missense_variant	40165057	ENST00000287598	False	G	A	15-40165057-G-A	14	15 40165057 . G A . . .	False	False
15-40165060-A-G	3483119	Uncertain significance	1	criteria provided, single submitter	missense_variant	40165060	ENST00000287598	True	A	G	15-40165060-A-G	15	15 40165060 . A G . . .	False	False
15-40165061-T-C	969118	Uncertain significance	2	criteria provided, multiple submitters, no conflicts	missense_variant	40165061	ENST00000287598	True	T	C	15-40165061-T-C	15	15 40165061 . T C . . .	False	False
15-40165062-G-C	1741801	Uncertain significance	2	criteria provided, multiple submitters, no conflicts	missense_variant	40165062	ENST00000287598	True	G	C	15-40165062-G-C	15	15 40165062 . G C . . .	False	False
15-40165064-C-A	3221430	Uncertain significance	1	criteria provided, single submitter	missense_variant	40165064	ENST00000287598	False	C	A	15-40165064-C-A	16	15 40165064 . C A . . .	False	False
15-40165064-C-G	1743176	Uncertain significance	1	criteria provided, single submitter	missense_variant	40165064	ENST00000287598	True	C	G	15-40165064-C-G	16	15 40165064 . C G . . .	False	False
15-40165064-C-T	861174	Uncertain significance	1	criteria provided, single submitter	missense_variant	40165064	ENST00000287598	True	C	T	15-40165064-C-T	16	15 40165064 . C T . . .	False	False
15-40165069-G-A	3483163	Uncertain significance	1	criteria provided, single submitter	missense_variant	40165069	ENST00000287598	True	G	A	15-40165069-G-A	18	15 40165069 . G A . . .	False	False
15-40165071-G-C	1036995	Uncertain significance	2	criteria provided, multiple submitters, no conflicts	missense_variant	40165071	ENST00000287598	True	G	C	15-40165071-G-C	18	15 40165071 . G C . . .	False	False
15-40165076-A-T	3826057	Uncertain significance	1	criteria provided, single submitter	missense_variant	40165076	ENST00000287598	True	A	T	15-40165076-A-T	20	15 40165076 . A T . . .	False	False
15-40165078-G-A	2462454	Uncertain significance	1	criteria provided, single submitter	missense_variant	40165078	ENST00000287598	True	G	A	15-40165078-G-A	21	15 40165078 . G A . . .	False	False
15-40165085-A-T	1756047	Uncertain significance	1	criteria provided, single submitter	missense_variant	40165085	ENST00000287598	True	A	T	15-40165085-A-T	23	15 40165085 . A T . . .	False	False
15-40165086-A-T	1756549	Uncertain significance	1	criteria provided, single submitter	missense_variant	40165086	ENST00000287598	False	A	T	15-40165086-A-T	23	15 40165086 . A T . . .	False	False
15-40165091-G-A	2780263	Uncertain significance	2	criteria provided, multiple submitters, no conflicts	missense_variant	40165091	ENST00000287598	True	G	A	15-40165091-G-A	25	15 40165091 . G A . . .	False	False
15-40165093-A-C	4776233	Uncertain significance	1	criteria provided, single submitter	missense_variant	40165093	ENST00000287598	True	A	C	15-40165093-A-C	26	15 40165093 . A C . . .	False	False
15-40165094-A-T	2585931	Uncertain significance	1	criteria provided, single submitter	missense_variant	40165094	ENST00000287598	False	A	T	15-40165094-A-T	26	15 40165094 . A T . . .	False	False
15-40165103-T-C	2234321	Uncertain significance	1	criteria provided, single submitter	missense_variant	40165103	ENST00000287598	True	T	C	15-40165103-T-C	29	15 40165103 . T C . . .	False	False
15-40165108-C-T	1766165	Uncertain significance	1	criteria provided, single submitter	missense_variant	40165108	ENST00000287598	False	C	T	15-40165108-C-T	31	15 40165108 . C T . . .	False	False
15-40165109-C-G	1766479	Uncertain significance	1	criteria provided, single submitter	missense_variant	40165109	ENST00000287598	False	C	G	15-40165109-C-G	31	15 40165109 . C G . . .	False	False
15-40165113-A-C	1767863	Uncertain significance	1	criteria provided, single submitter	missense_variant	40165113	ENST00000287598	False	A	C	15-40165113-A-C	32	15 40165113 . A C . . .	False	False
15-40165116-G-T	4216920	Uncertain significance	1	criteria provided, single submitter	missense_variant	40165116	ENST00000287598	False	G	T	15-40165116-G-T	33	15 40165116 . G T . . .	False	False
15-40165118-A-G	2565445	Uncertain significance	1	criteria provided, single submitter	missense_variant	40165118	ENST00000287598	False	A	G	15-40165118-A-G	34	15 40165118 . A G . . .	False	False
15-40165118-A-T	3483135	Uncertain significance	1	criteria provided, single submitter	missense_variant	40165118	ENST00000287598	False	A	T	15-40165118-A-T	34	15 40165118 . A T . . .	False	False
15-40165120-G-A	4600334	Uncertain significance	1	criteria provided, single submitter	missense_variant	40165120	ENST00000287598	False	G	A	15-40165120-G-A	35	15 40165120 . G A . . .	False	False
15-40165120-G-C	3483126	Uncertain significance	1	criteria provided, single submitter	missense_variant	40165120	ENST00000287598	True	G	C	15-40165120-G-C	35	15 40165120 . G C . . .	False	False
15-40165121-G-A	1317216	Uncertain significance	2	criteria provided, multiple submitters, no conflicts	missense_variant	40165121	ENST00000287598	False	G	A	15-40165121-G-A	35	15 40165121 . G A . . .	False	False
15-40165121-G-C	1776692	Uncertain significance	1	criteria provided, single submitter	missense_variant	40165121	ENST00000287598	False	G	C	15-40165121-G-C	35	15 40165121 . G C . . .	False	False
15-40165123-C-T	1782959	Uncertain significance	2	criteria provided, multiple submitters, no conflicts	missense_variant	40165123	ENST00000287598	True	C	T	15-40165123-C-T	36	15 40165123 . C T . . .	False	False
15-40165124-G-A	1393954	Uncertain significance	1	criteria provided, single submitter	missense_variant	40165124	ENST00000287598	True	G	A	15-40165124-G-A	36	15 40165124 . G A . . .	False	False
15-40165126-A-G	4216966	Uncertain significance	1	criteria provided, single submitter	missense_variant	40165126	ENST00000287598	False	A	G	15-40165126-A-G	37	15 40165126 . A G . . .	False	False
15-40165127-T-A	3703248	Uncertain significance	1	criteria provided, single submitter	missense_variant	40165127	ENST00000287598	True	T	A	15-40165127-T-A	37	15 40165127 . T A . . .	False	False
15-40165129-A-G	3221330	Uncertain significance	1	criteria provided, single submitter	missense_variant	40165129	ENST00000287598	True	A	G	15-40165129-A-G	38	15 40165129 . A G . . .	False	False
15-40165130-T-C	1730919	Uncertain significance	1	criteria provided, single submitter	missense_variant	40165130	ENST00000287598	False	T	C	15-40165130-T-C	38	15 40165130 . T C . . .	False	False
15-40165131-G-C	1494231	Uncertain significance	1	criteria provided, single submitter	missense_variant	40165131	ENST00000287598	False	G	C	15-40165131-G-C	38	15 40165131 . G C . . .	False	False
15-40165135-A-G	1744424	Uncertain significance	1	criteria provided, single submitter	missense_variant	40165135	ENST00000287598	False	A	G	15-40165135-A-G	40	15 40165135 . A G . . .	False	False
15-40165136-C-T	6758	Benign/Likely benign	2	criteria provided, multiple submitters, no conflicts	missense_variant	40165136	ENST00000287598	True	C	T	15-40165136-C-T	40	15 40165136 . C T . . .	False	True
15-40165142-A-G	1045130	Uncertain significance	1	criteria provided, single submitter	missense_variant	40165142	ENST00000287598	True	A	G	15-40165142-A-G	42	15 40165142 . A G . . .	False	False
15-40165145-G-A	2799297	Uncertain significance	1	criteria provided, single submitter	missense_variant	40165145	ENST00000287598	False	G	A	15-40165145-G-A	43	15 40165145 . G A . . .	False	False
15-40165147-G-A	1769630	Uncertain significance	1	criteria provided, single submitter	missense_variant	40165147	ENST00000287598	False	G	A	15-40165147-G-A	44	15 40165147 . G A . . .	False	False
15-40165148-C-G	2585934	Uncertain significance	1	criteria provided, single submitter	missense_variant	40165148	ENST00000287598	True	C	G	15-40165148-C-G	44	15 40165148 . C G . . .	False	False
15-40165151-T-G	4828781	Uncertain significance	1	criteria provided, single submitter	missense_variant	40165151	ENST00000287598	False	T	G	15-40165151-T-G	45	15 40165151 . T G . . .	False	False
15-40165153-G-A	663505	Uncertain significance	2	criteria provided, multiple submitters, no conflicts	missense_variant	40165153	ENST00000287598	True	G	A	15-40165153-G-A	46	15 40165153 . G A . . .	False	False
15-40165154-C-G	1491081	Uncertain significance	1	criteria provided, single submitter	missense_variant	40165154	ENST00000287598	True	C	G	15-40165154-C-G	46	15 40165154 . C G . . .	False	False
15-40165156-C-A	2793084	Uncertain significance	1	criteria provided, single submitter	missense_variant	40165156	ENST00000287598	False	C	A	15-40165156-C-A	47	15 40165156 . C A . . .	False	False
15-40165156-C-G	3262189	Uncertain significance	1	criteria provided, single submitter	missense_variant	40165156	ENST00000287598	True	C	G	15-40165156-C-G	47	15 40165156 . C G . . .	False	False
15-40165157-A-C	1771974	Uncertain significance	2	criteria provided, multiple submitters, no conflicts	missense_variant	40165157	ENST00000287598	True	A	C	15-40165157-A-C	47	15 40165157 . A C . . .	False	False
15-40165157-A-G	3135598	Uncertain significance	1	criteria provided, single submitter	missense_variant	40165157	ENST00000287598	True	A	G	15-40165157-A-G	47	15 40165157 . A G . . .	False	False
15-40165157-A-T	1771979	Uncertain significance	1	criteria provided, single submitter	missense_variant	40165157	ENST00000287598	True	A	T	15-40165157-A-T	47	15 40165157 . A T . . .	False	False
15-40165163-C-T	1773332	Uncertain significance	1	criteria provided, single submitter	missense_variant	40165163	ENST00000287598	True	C	T	15-40165163-C-T	49	15 40165163 . C T . . .	False	False
15-40165165-G-A	3483118	Uncertain significance	1	criteria provided, single submitter	missense_variant	40165165	ENST00000287598	False	G	A	15-40165165-G-A	50	15 40165165 . G A . . .	False	False
15-40165165-G-T	1773754	Uncertain significance	2	criteria provided, multiple submitters, no conflicts	missense_variant	40165165	ENST00000287598	True	G	T	15-40165165-G-T	50	15 40165165 . G T . . .	False	False
15-40165168-T-C	1319273	Uncertain significance	1	criteria provided, single submitter	missense_variant	40165168	ENST00000287598	False	T	C	15-40165168-T-C	51	15 40165168 . T C . . .	False	False
15-40165171-A-G	3826058	Uncertain significance	1	criteria provided, single submitter	missense_variant	40165171	ENST00000287598	True	A	G	15-40165171-A-G	52	15 40165171 . A G . . .	False	False
15-40165172-A-G	3221354	Uncertain significance	1	criteria provided, single submitter	missense_variant	40165172	ENST00000287598	True	A	G	15-40165172-A-G	52	15 40165172 . A G . . .	False	False
15-40165174-A-G	3483221	Uncertain significance	1	criteria provided, single submitter	missense_variant	40165174	ENST00000287598	True	A	G	15-40165174-A-G	53	15 40165174 . A G . . .	False	False
15-40165175-A-G	4600637	Uncertain significance	1	criteria provided, single submitter	missense_variant	40165175	ENST00000287598	True	A	G	15-40165175-A-G	53	15 40165175 . A G . . .	False	False
15-40165178-C-T	2497649	Uncertain significance	1	criteria provided, single submitter	missense_variant	40165178	ENST00000287598	True	C	T	15-40165178-C-T	54	15 40165178 . C T . . .	False	False
15-40165180-C-G	937008	Uncertain significance	2	criteria provided, multiple submitters, no conflicts	missense_variant	40165180	ENST00000287598	False	C	G	15-40165180-C-G	55	15 40165180 . C G . . .	False	False
15-40165181-T-C	1370164	Uncertain significance	2	criteria provided, multiple submitters, no conflicts	missense_variant	40165181	ENST00000287598	False	T	C	15-40165181-T-C	55	15 40165181 . T C . . .	False	False
15-40165183-C-A	3826106	Uncertain significance	1	criteria provided, single submitter	missense_variant	40165183	ENST00000287598	True	C	A	15-40165183-C-A	56	15 40165183 . C A . . .	False	False
15-40165188-G-C	2866038	Uncertain significance	1	criteria provided, single submitter	missense_variant	40165188	ENST00000287598	False	G	C	15-40165188-G-C	57	15 40165188 . G C . . .	False	False
15-40165189-C-A	1434521	Uncertain significance	2	criteria provided, multiple submitters, no conflicts	missense_variant	40165189	ENST00000287598	True	C	A	15-40165189-C-A	58	15 40165189 . C A . . .	False	False
15-40165190-A-G	1779152	Uncertain significance	1	criteria provided, single submitter	missense_variant	40165190	ENST00000287598	False	A	G	15-40165190-A-G	58	15 40165190 . A G . . .	False	False
15-40165195-C-G	1016105	Uncertain significance	2	criteria provided, multiple submitters, no conflicts	missense_variant	40165195	ENST00000287598	False	C	G	15-40165195-C-G	60	15 40165195 . C G . . .	False	False
15-40165195-C-T	660165	Uncertain significance	2	criteria provided, multiple submitters, no conflicts	missense_variant	40165195	ENST00000287598	True	C	T	15-40165195-C-T	60	15 40165195 . C T . . .	False	False
15-40165196-G-A	1706188	Uncertain significance	2	criteria provided, multiple submitters, no conflicts	missense_variant	40165196	ENST00000287598	True	G	A	15-40165196-G-A	60	15 40165196 . G A . . .	False	False
15-40170063-G-A	3221362	Uncertain significance	1	criteria provided, single submitter	missense_variant	40170063	ENST00000287598	False	G	A	15-40170063-G-A	61	15 40170063 . G A . . .	False	False
15-40170064-C-T	3221364	Uncertain significance	1	criteria provided, single submitter	missense_variant	40170064	ENST00000287598	True	C	T	15-40170064-C-T	61	15 40170064 . C T . . .	False	False
15-40170066-T-C	2048232	Uncertain significance	2	criteria provided, multiple submitters, no conflicts	missense_variant	40170066	ENST00000287598	True	T	C	15-40170066-T-C	62	15 40170066 . T C . . .	False	False
15-40170070-A-T	2450823	Uncertain significance	1	criteria provided, single submitter	missense_variant	40170070	ENST00000287598	False	A	T	15-40170070-A-T	63	15 40170070 . A T . . .	False	False
15-40170077-A-T	4216945	Uncertain significance	1	criteria provided, single submitter	missense_variant	40170077	ENST00000287598	False	A	T	15-40170077-A-T	65	15 40170077 . A T . . .	False	False
15-40170078-A-G	3826129	Uncertain significance	1	criteria provided, single submitter	missense_variant	40170078	ENST00000287598	False	A	G	15-40170078-A-G	66	15 40170078 . A G . . .	False	False
15-40170079-T-C	3483123	Uncertain significance	1	criteria provided, single submitter	missense_variant	40170079	ENST00000287598	False	T	C	15-40170079-T-C	66	15 40170079 . T C . . .	False	False
15-40170082-G-A	1401134	Uncertain significance	2	criteria provided, multiple submitters, no conflicts	missense_variant	40170082	ENST00000287598	True	G	A	15-40170082-G-A	67	15 40170082 . G A . . .	False	False
15-40170084-T-C	3483142	Uncertain significance	1	criteria provided, single submitter	missense_variant	40170084	ENST00000287598	True	T	C	15-40170084-T-C	68	15 40170084 . T C . . .	False	False
15-40170085-T-G	1320447	Uncertain significance	1	criteria provided, single submitter	missense_variant	40170085	ENST00000287598	True	T	G	15-40170085-T-G	68	15 40170085 . T G . . .	False	False
15-40170088-A-G	1785342	Uncertain significance	1	criteria provided, single submitter	missense_variant	40170088	ENST00000287598	True	A	G	15-40170088-A-G	69	15 40170088 . A G . . .	False	False
15-40170091-C-T	851148	Uncertain significance	2	criteria provided, multiple submitters, no conflicts	missense_variant	40170091	ENST00000287598	True	C	T	15-40170091-C-T	70	15 40170091 . C T . . .	False	False
15-40170093-G-A	846693	Uncertain significance	1	criteria provided, single submitter	missense_variant	40170093	ENST00000287598	False	G	A	15-40170093-G-A	71	15 40170093 . G A . . .	False	False
15-40170094-G-A	938852	Uncertain significance	1	criteria provided, single submitter	missense_variant	40170094	ENST00000287598	True	G	A	15-40170094-G-A	71	15 40170094 . G A . . .	False	False
15-40170098-T-A	1787070	Uncertain significance	1	criteria provided, single submitter	missense_variant	40170098	ENST00000287598	False	T	A	15-40170098-T-A	72	15 40170098 . T A . . .	False	False
15-40170099-G-A	3483210	Uncertain significance	1	criteria provided, single submitter	missense_variant	40170099	ENST00000287598	False	G	A	15-40170099-G-A	73	15 40170099 . G A . . .	False	False
15-40170100-A-G	1365620	Uncertain significance	2	criteria provided, multiple submitters, no conflicts	missense_variant	40170100	ENST00000287598	True	A	G	15-40170100-A-G	73	15 40170100 . A G . . .	False	False
15-40170102-C-A	3826114	Uncertain significance	1	criteria provided, single submitter	missense_variant	40170102	ENST00000287598	True	C	A	15-40170102-C-A	74	15 40170102 . C A . . .	False	False
15-40170103-C-G	3262272	Uncertain significance	1	criteria provided, single submitter	missense_variant	40170103	ENST00000287598	False	C	G	15-40170103-C-G	74	15 40170103 . C G . . .	False	False
15-40170106-T-G	3993716	Uncertain significance	1	criteria provided, single submitter	missense_variant	40170106	ENST00000287598	False	T	G	15-40170106-T-G	75	15 40170106 . T G . . .	False	False
15-40170111-G-A	533902	Uncertain significance	2	criteria provided, multiple submitters, no conflicts	missense_variant	40170111	ENST00000287598	True	G	A	15-40170111-G-A	77	15 40170111 . G A . . .	False	False
15-40170116-G-T	1035539	Uncertain significance	2	criteria provided, multiple submitters, no conflicts	missense_variant	40170116	ENST00000287598	True	G	T	15-40170116-G-T	78	15 40170116 . G T . . .	False	False
15-40170117-G-A	1790136	Uncertain significance	1	criteria provided, single submitter	missense_variant	40170117	ENST00000287598	False	G	A	15-40170117-G-A	79	15 40170117 . G A . . .	False	False
15-40170537-G-C	1790869	Uncertain significance	2	criteria provided, multiple submitters, no conflicts	missense_variant	40170537	ENST00000287598	False	G	C	15-40170537-G-C	80	15 40170537 . G C . . .	False	False
15-40170537-G-T	1790871	Uncertain significance	1	criteria provided, single submitter	missense_variant	40170537	ENST00000287598	True	G	T	15-40170537-G-T	80	15 40170537 . G T . . .	False	False
15-40170539-A-G	465370	Uncertain significance	2	criteria provided, multiple submitters, no conflicts	missense_variant	40170539	ENST00000287598	True	A	G	15-40170539-A-G	81	15 40170539 . A G . . .	False	False
15-40170541-A-G	1437969	Uncertain significance	1	criteria provided, single submitter	missense_variant	40170541	ENST00000287598	False	A	G	15-40170541-A-G	82	15 40170541 . A G . . .	False	False
15-40170544-A-C	1409058	Uncertain significance	2	criteria provided, multiple submitters, no conflicts	missense_variant	40170544	ENST00000287598	True	A	C	15-40170544-A-C	83	15 40170544 . A C . . .	False	False
15-40170544-A-G	2497646	Uncertain significance	1	criteria provided, single submitter	missense_variant	40170544	ENST00000287598	True	A	G	15-40170544-A-G	83	15 40170544 . A G . . .	False	False
15-40170544-A-T	2592582	Uncertain significance	1	criteria provided, single submitter	missense_variant	40170544	ENST00000287598	True	A	T	15-40170544-A-T	83	15 40170544 . A T . . .	False	False
15-40170545-G-T	2592562	Uncertain significance	1	criteria provided, single submitter	missense_variant	40170545	ENST00000287598	True	G	T	15-40170545-G-T	83	15 40170545 . G T . . .	False	False
15-40170546-C-G	3221395	Uncertain significance	1	criteria provided, single submitter	missense_variant	40170546	ENST00000287598	False	C	G	15-40170546-C-G	83	15 40170546 . C G . . .	False	False
15-40170547-T-C	4216967	Uncertain significance	1	criteria provided, single submitter	missense_variant	40170547	ENST00000287598	False	T	C	15-40170547-T-C	84	15 40170547 . T C . . .	False	False
15-40170551-C-A	2450805	Uncertain significance	1	criteria provided, single submitter	missense_variant	40170551	ENST00000287598	False	C	A	15-40170551-C-A	85	15 40170551 . C A . . .	False	False
15-40170551-C-T	4216985	Uncertain significance	1	criteria provided, single submitter	missense_variant	40170551	ENST00000287598	False	C	T	15-40170551-C-T	85	15 40170551 . C T . . .	False	False
15-40170553-G-A	962596	Uncertain significance	1	criteria provided, single submitter	missense_variant	40170553	ENST00000287598	True	G	A	15-40170553-G-A	86	15 40170553 . G A . . .	False	False
15-40170554-A-G	4216943	Uncertain significance	1	criteria provided, single submitter	missense_variant	40170554	ENST00000287598	False	A	G	15-40170554-A-G	86	15 40170554 . A G . . .	False	False
15-40170560-A-G	2497644	Uncertain significance	1	criteria provided, single submitter	missense_variant	40170560	ENST00000287598	True	A	G	15-40170560-A-G	88	15 40170560 . A G . . .	False	False
15-40170563-A-G	1794531	Uncertain significance	1	criteria provided, single submitter	missense_variant	40170563	ENST00000287598	True	A	G	15-40170563-A-G	89	15 40170563 . A G . . .	False	False
15-40170566-C-G	1794879	Uncertain significance	2	criteria provided, multiple submitters, no conflicts	missense_variant	40170566	ENST00000287598	False	C	G	15-40170566-C-G	90	15 40170566 . C G . . .	False	False
15-40170568-C-G	1795159	Uncertain significance	1	criteria provided, single submitter	missense_variant	40170568	ENST00000287598	True	C	G	15-40170568-C-G	91	15 40170568 . C G . . .	False	False
15-40170570-A-T	403753	Uncertain significance	1	criteria provided, single submitter	missense_variant	40170570	ENST00000287598	True	A	T	15-40170570-A-T	91	15 40170570 . A T . . .	False	False
15-40170572-G-A	3483168	Uncertain significance	1	criteria provided, single submitter	missense_variant	40170572	ENST00000287598	False	G	A	15-40170572-G-A	92	15 40170572 . G A . . .	False	False
15-40170572-G-C	661146	Uncertain significance	2	criteria provided, multiple submitters, no conflicts	missense_variant	40170572	ENST00000287598	False	G	C	15-40170572-G-C	92	15 40170572 . G C . . .	False	False
15-40170572-G-T	1795672	Uncertain significance	1	criteria provided, single submitter	missense_variant	40170572	ENST00000287598	False	G	T	15-40170572-G-T	92	15 40170572 . G T . . .	False	False
15-40170578-A-G	1796414	Uncertain significance	2	criteria provided, multiple submitters, no conflicts	missense_variant	40170578	ENST00000287598	True	A	G	15-40170578-A-G	94	15 40170578 . A G . . .	False	False
15-40170580-G-A	1796703	Uncertain significance	1	criteria provided, single submitter	missense_variant	40170580	ENST00000287598	True	G	A	15-40170580-G-A	95	15 40170580 . G A . . .	False	False
15-40170583-A-G	1523315	Uncertain significance	2	criteria provided, multiple submitters, no conflicts	missense_variant	40170583	ENST00000287598	True	A	G	15-40170583-A-G	96	15 40170583 . A G . . .	False	False
15-40170586-A-G	2086349	Uncertain significance	2	criteria provided, multiple submitters, no conflicts	missense_variant	40170586	ENST00000287598	True	A	G	15-40170586-A-G	97	15 40170586 . A G . . .	False	False
15-40170588-T-A	3826121	Uncertain significance	1	criteria provided, single submitter	missense_variant	40170588	ENST00000287598	False	T	A	15-40170588-T-A	97	15 40170588 . T A . . .	False	False
15-40170589-A-G	3221413	Uncertain significance	1	criteria provided, single submitter	missense_variant	40170589	ENST00000287598	False	A	G	15-40170589-A-G	98	15 40170589 . A G . . .	False	False
15-40170590-T-A	1022368	Uncertain significance	1	criteria provided, single submitter	missense_variant	40170590	ENST00000287598	False	T	A	15-40170590-T-A	98	15 40170590 . T A . . .	False	False
15-40170590-T-C	1797905	Uncertain significance	1	criteria provided, single submitter	missense_variant	40170590	ENST00000287598	True	T	C	15-40170590-T-C	98	15 40170590 . T C . . .	False	False
15-40170595-A-T	2624684	Uncertain significance	1	criteria provided, single submitter	missense_variant	40170595	ENST00000287598	True	A	T	15-40170595-A-T	100	15 40170595 . A T . . .	False	False
15-40170596-C-T	1946402	Uncertain significance	2	criteria provided, multiple submitters, no conflicts	missense_variant	40170596	ENST00000287598	True	C	T	15-40170596-C-T	100	15 40170596 . C T . . .	False	False
15-40170606-A-C	2565473	Uncertain significance	1	criteria provided, single submitter	missense_variant	40170606	ENST00000287598	False	A	C	15-40170606-A-C	103	15 40170606 . A C . . .	False	False
15-40170607-A-G	840388	Uncertain significance	2	criteria provided, multiple submitters, no conflicts	missense_variant	40170607	ENST00000287598	True	A	G	15-40170607-A-G	104	15 40170607 . A G . . .	False	False
15-40170608-G-A	3262244	Uncertain significance	1	criteria provided, single submitter	missense_variant	40170608	ENST00000287598	False	G	A	15-40170608-G-A	104	15 40170608 . G A . . .	False	False
15-40170608-G-C	4600561	Uncertain significance	1	criteria provided, single submitter	missense_variant	40170608	ENST00000287598	False	G	C	15-40170608-G-C	104	15 40170608 . G C . . .	False	False
15-40170610-G-A	3483240	Uncertain significance	1	criteria provided, single submitter	missense_variant	40170610	ENST00000287598	False	G	A	15-40170610-G-A	105	15 40170610 . G A . . .	False	False
15-40170613-G-A	3483175	Likely benign	1	criteria provided, single submitter	missense_variant	40170613	ENST00000287598	False	G	A	15-40170613-G-A	106	15 40170613 . G A . . .	False	True
15-40170614-T-C	1728533	Uncertain significance	2	criteria provided, multiple submitters, no conflicts	missense_variant	40170614	ENST00000287598	True	T	C	15-40170614-T-C	106	15 40170614 . T C . . .	False	False
15-40170618-A-C	1729034	Uncertain significance	1	criteria provided, single submitter	missense_variant	40170618	ENST00000287598	False	A	C	15-40170618-A-C	107	15 40170618 . A C . . .	False	False
15-40170619-G-A	965305	Uncertain significance	2	criteria provided, multiple submitters, no conflicts	missense_variant	40170619	ENST00000287598	True	G	A	15-40170619-G-A	108	15 40170619 . G A . . .	False	False
15-40170620-C-G	3483159	Uncertain significance	1	criteria provided, single submitter	missense_variant	40170620	ENST00000287598	True	C	G	15-40170620-C-G	108	15 40170620 . C G . . .	False	False
15-40170620-C-T	3483229	Uncertain significance	1	criteria provided, single submitter	missense_variant	40170620	ENST00000287598	True	C	T	15-40170620-C-T	108	15 40170620 . C T . . .	False	False
15-40170628-G-A	3221425	Uncertain significance	1	criteria provided, single submitter	missense_variant	40170628	ENST00000287598	False	G	A	15-40170628-G-A	111	15 40170628 . G A . . .	False	False
15-40170634-A-G	3826133	Uncertain significance	1	criteria provided, single submitter	missense_variant	40170634	ENST00000287598	False	A	G	15-40170634-A-G	113	15 40170634 . A G . . .	False	False
15-40170636-A-C	2870158	Uncertain significance	1	criteria provided, single submitter	missense_variant	40170636	ENST00000287598	True	A	C	15-40170636-A-C	113	15 40170636 . A C . . .	False	False
15-40170636-A-T	1730970	Uncertain significance	1	criteria provided, single submitter	missense_variant	40170636	ENST00000287598	True	A	T	15-40170636-A-T	113	15 40170636 . A T . . .	False	False
15-40170638-G-A	1461946	Uncertain significance	1	criteria provided, single submitter	missense_variant	40170638	ENST00000287598	True	G	A	15-40170638-G-A	114	15 40170638 . G A . . .	False	False
15-40170638-G-T	2450818	Uncertain significance	1	criteria provided, single submitter	missense_variant	40170638	ENST00000287598	False	G	T	15-40170638-G-T	114	15 40170638 . G T . . .	False	False
15-40170640-T-C	847557	Uncertain significance	2	criteria provided, multiple submitters, no conflicts	missense_variant	40170640	ENST00000287598	True	T	C	15-40170640-T-C	115	15 40170640 . T C . . .	False	False
15-40170641-A-G	3262251	Uncertain significance	1	criteria provided, single submitter	missense_variant	40170641	ENST00000287598	True	A	G	15-40170641-A-G	115	15 40170641 . A G . . .	False	False
15-40170644-A-G	2497645	Uncertain significance	1	criteria provided, single submitter	missense_variant	40170644	ENST00000287598	True	A	G	15-40170644-A-G	116	15 40170644 . A G . . .	False	False
15-40170650-A-G	4600426	Uncertain significance	1	criteria provided, single submitter	missense_variant	40170650	ENST00000287598	False	A	G	15-40170650-A-G	118	15 40170650 . A G . . .	False	False
15-40170651-T-A	3262239	Uncertain significance	1	criteria provided, single submitter	missense_variant	40170651	ENST00000287598	True	T	A	15-40170651-T-A	118	15 40170651 . T A . . .	False	False
15-40170655-C-G	2585921	Uncertain significance	1	criteria provided, single submitter	missense_variant	40170655	ENST00000287598	False	C	G	15-40170655-C-G	120	15 40170655 . C G . . .	False	False
15-40170656-G-A	950032	Uncertain significance	2	criteria provided, multiple submitters, no conflicts	missense_variant	40170656	ENST00000287598	True	G	A	15-40170656-G-A	120	15 40170656 . G A . . .	False	False
15-40170656-G-T	1733053	Uncertain significance	1	criteria provided, single submitter	missense_variant	40170656	ENST00000287598	True	G	T	15-40170656-G-T	120	15 40170656 . G T . . .	False	False
15-40170659-T-A	3262259	Uncertain significance	1	criteria provided, single submitter	missense_variant	40170659	ENST00000287598	False	T	A	15-40170659-T-A	121	15 40170659 . T A . . .	False	False
15-40170664-A-G	1733858	Uncertain significance	1	criteria provided, single submitter	missense_variant	40170664	ENST00000287598	True	A	G	15-40170664-A-G	123	15 40170664 . A G . . .	False	False
15-40170665-A-G	1019541	Conflicting classifications of pathogenicity	1	criteria provided, conflicting classifications	missense_variant	40170665	ENST00000287598	True	A	G	15-40170665-A-G	123	15 40170665 . A G . . .	False	False
15-40170667-C-A	4826658	Uncertain significance	1	criteria provided, single submitter	missense_variant	40170667	ENST00000287598	False	C	A	15-40170667-C-A	124	15 40170667 . C A . . .	False	False
15-40170672-G-C	1734655	Uncertain significance	2	criteria provided, multiple submitters, no conflicts	missense_variant	40170672	ENST00000287598	False	G	C	15-40170672-G-C	125	15 40170672 . G C . . .	False	False
15-40170672-G-T	3993698	Uncertain significance	1	criteria provided, single submitter	missense_variant	40170672	ENST00000287598	True	G	T	15-40170672-G-T	125	15 40170672 . G T . . .	False	False
15-40176477-G-C	3029686	Uncertain significance	0	no assertion criteria provided	missense_variant	40176477	ENST00000287598	True	G	C	15-40176477-G-C	129	15 40176477 . G C . . .	False	False
15-40176478-G-A	1735683	Uncertain significance	1	criteria provided, single submitter	missense_variant	40176478	ENST00000287598	False	G	A	15-40176478-G-A	129	15 40176478 . G A . . .	False	False
15-40176478-G-T	4599774	Uncertain significance	1	criteria provided, single submitter	missense_variant	40176478	ENST00000287598	False	G	T	15-40176478-G-T	129	15 40176478 . G T . . .	False	False
15-40176480-C-T	133773	Uncertain significance	1	criteria provided, single submitter	missense_variant	40176480	ENST00000287598	True	C	T	15-40176480-C-T	130	15 40176480 . C T . . .	False	False
15-40176481-G-A	863135	Uncertain significance	1	criteria provided, single submitter	missense_variant	40176481	ENST00000287598	True	G	A	15-40176481-G-A	130	15 40176481 . G A . . .	False	False
15-40176483-T-G	403739	Uncertain significance	2	criteria provided, multiple submitters, no conflicts	missense_variant	40176483	ENST00000287598	True	T	G	15-40176483-T-G	131	15 40176483 . T G . . .	False	False
15-40176489-A-G	3221426	Uncertain significance	1	criteria provided, single submitter	missense_variant	40176489	ENST00000287598	False	A	G	15-40176489-A-G	133	15 40176489 . A G . . .	False	False
15-40176490-A-G	1736749	Uncertain significance	1	criteria provided, single submitter	missense_variant	40176490	ENST00000287598	True	A	G	15-40176490-A-G	133	15 40176490 . A G . . .	False	False
15-40176492-G-A	2585904	Uncertain significance	1	criteria provided, single submitter	missense_variant	40176492	ENST00000287598	True	G	A	15-40176492-G-A	134	15 40176492 . G A . . .	False	False
15-40176493-A-G	3993744	Uncertain significance	1	criteria provided, single submitter	missense_variant	40176493	ENST00000287598	False	A	G	15-40176493-A-G	134	15 40176493 . A G . . .	False	False
15-40176494-G-C	4216959	Uncertain significance	1	criteria provided, single submitter	missense_variant	40176494	ENST00000287598	True	G	C	15-40176494-G-C	134	15 40176494 . G C . . .	False	False
15-40176495-C-T	3221427	Uncertain significance	2	criteria provided, multiple submitters, no conflicts	missense_variant	40176495	ENST00000287598	True	C	T	15-40176495-C-T	135	15 40176495 . C T . . .	False	False
15-40176496-C-A	1737346	Uncertain significance	2	criteria provided, multiple submitters, no conflicts	missense_variant	40176496	ENST00000287598	True	C	A	15-40176496-C-A	135	15 40176496 . C A . . .	False	False
15-40176499-T-C	4216918	Uncertain significance	1	criteria provided, single submitter	missense_variant	40176499	ENST00000287598	True	T	C	15-40176499-T-C	136	15 40176499 . T C . . .	False	False
15-40176501-G-A	1737813	Uncertain significance	1	criteria provided, single submitter	missense_variant	40176501	ENST00000287598	True	G	A	15-40176501-G-A	137	15 40176501 . G A . . .	False	False
15-40176504-A-T	4600687	Uncertain significance	1	criteria provided, single submitter	missense_variant	40176504	ENST00000287598	False	A	T	15-40176504-A-T	138	15 40176504 . A T . . .	False	False
15-40176505-T-C	1738151	Uncertain significance	1	criteria provided, single submitter	missense_variant	40176505	ENST00000287598	False	T	C	15-40176505-T-C	138	15 40176505 . T C . . .	False	False
15-40176506-G-A	3011610	Uncertain significance	2	criteria provided, multiple submitters, no conflicts	missense_variant	40176506	ENST00000287598	True	G	A	15-40176506-G-A	138	15 40176506 . G A . . .	False	False
15-40176506-G-T	3826100	Uncertain significance	1	criteria provided, single submitter	missense_variant	40176506	ENST00000287598	False	G	T	15-40176506-G-T	138	15 40176506 . G T . . .	False	False
15-40176510-A-C	1023315	Uncertain significance	2	criteria provided, multiple submitters, no conflicts	missense_variant	40176510	ENST00000287598	True	A	C	15-40176510-A-C	140	15 40176510 . A C . . .	False	False
15-40176510-A-G	3577082	Uncertain significance	1	criteria provided, single submitter	missense_variant	40176510	ENST00000287598	True	A	G	15-40176510-A-G	140	15 40176510 . A G . . .	False	False
15-40176519-C-T	1739328	Uncertain significance	1	criteria provided, single submitter	missense_variant	40176519	ENST00000287598	False	C	T	15-40176519-C-T	143	15 40176519 . C T . . .	False	False
15-40176522-A-G	1421340	Uncertain significance	2	criteria provided, multiple submitters, no conflicts	missense_variant	40176522	ENST00000287598	True	A	G	15-40176522-A-G	144	15 40176522 . A G . . .	False	False
15-40176525-C-G	3483253	Uncertain significance	1	criteria provided, single submitter	missense_variant	40176525	ENST00000287598	True	C	G	15-40176525-C-G	145	15 40176525 . C G . . .	False	False
15-40176526-A-G	2450819	Uncertain significance	1	criteria provided, single submitter	missense_variant	40176526	ENST00000287598	False	A	G	15-40176526-A-G	145	15 40176526 . A G . . .	False	False
15-40176528-G-A	3704728	Uncertain significance	1	criteria provided, single submitter	missense_variant	40176528	ENST00000287598	False	G	A	15-40176528-G-A	146	15 40176528 . G A . . .	False	False
15-40176529-G-A	1740147	Uncertain significance	1	criteria provided, single submitter	missense_variant	40176529	ENST00000287598	False	G	A	15-40176529-G-A	146	15 40176529 . G A . . .	False	False
15-40176531-A-T	1740271	Uncertain significance	1	criteria provided, single submitter	missense_variant	40176531	ENST00000287598	False	A	T	15-40176531-A-T	147	15 40176531 . A T . . .	False	False
15-40176532-T-C	403758	Uncertain significance	2	criteria provided, multiple submitters, no conflicts	missense_variant	40176532	ENST00000287598	True	T	C	15-40176532-T-C	147	15 40176532 . T C . . .	False	False
15-40176534-G-A	1740544	Uncertain significance	1	criteria provided, single submitter	missense_variant	40176534	ENST00000287598	True	G	A	15-40176534-G-A	148	15 40176534 . G A . . .	False	False
15-40176534-G-C	3826137	Uncertain significance	1	criteria provided, single submitter	missense_variant	40176534	ENST00000287598	False	G	C	15-40176534-G-C	148	15 40176534 . G C . . .	False	False
15-40176535-G-A	3655673	Uncertain significance	1	criteria provided, single submitter	missense_variant	40176535	ENST00000287598	False	G	A	15-40176535-G-A	148	15 40176535 . G A . . .	False	False
15-40176537-G-A	3221428	Likely benign	1	criteria provided, single submitter	missense_variant	40176537	ENST00000287598	False	G	A	15-40176537-G-A	149	15 40176537 . G A . . .	False	True
15-40176543-C-G	1370770	Uncertain significance	2	criteria provided, multiple submitters, no conflicts	missense_variant	40176543	ENST00000287598	False	C	G	15-40176543-C-G	151	15 40176543 . C G . . .	False	False
15-40176543-C-T	1371878	Uncertain significance	2	criteria provided, multiple submitters, no conflicts	missense_variant	40176543	ENST00000287598	False	C	T	15-40176543-C-T	151	15 40176543 . C T . . .	False	False
15-40176544-T-C	3483140	Uncertain significance	1	criteria provided, single submitter	missense_variant	40176544	ENST00000287598	False	T	C	15-40176544-T-C	151	15 40176544 . T C . . .	False	False
15-40176546-G-C	2450834	Uncertain significance	1	criteria provided, single submitter	missense_variant	40176546	ENST00000287598	False	G	C	15-40176546-G-C	152	15 40176546 . G C . . .	False	False
15-40176547-C-T	1741480	Uncertain significance	1	criteria provided, single submitter	missense_variant	40176547	ENST00000287598	False	C	T	15-40176547-C-T	152	15 40176547 . C T . . .	False	False
15-40176549-C-G	3993705	Uncertain significance	1	criteria provided, single submitter	missense_variant	40176549	ENST00000287598	True	C	G	15-40176549-C-G	153	15 40176549 . C G . . .	False	False
15-40176550-A-G	1026034	Uncertain significance	2	criteria provided, multiple submitters, no conflicts	missense_variant	40176550	ENST00000287598	True	A	G	15-40176550-A-G	153	15 40176550 . A G . . .	False	False
15-40176550-A-T	1054371	Uncertain significance	2	criteria provided, multiple submitters, no conflicts	missense_variant	40176550	ENST00000287598	True	A	T	15-40176550-A-T	153	15 40176550 . A T . . .	False	False
15-40176554-C-G	2565466	Uncertain significance	1	criteria provided, single submitter	missense_variant	40176554	ENST00000287598	False	C	G	15-40176554-C-G	154	15 40176554 . C G . . .	False	False
15-40176555-T-C	1484268	Uncertain significance	1	criteria provided, single submitter	missense_variant	40176555	ENST00000287598	True	T	C	15-40176555-T-C	155	15 40176555 . T C . . .	False	False
15-40176556-A-G	840920	Uncertain significance	2	criteria provided, multiple submitters, no conflicts	missense_variant	40176556	ENST00000287598	True	A	G	15-40176556-A-G	155	15 40176556 . A G . . .	False	False
15-40176558-A-G	943044	Uncertain significance	1	criteria provided, single submitter	missense_variant	40176558	ENST00000287598	True	A	G	15-40176558-A-G	156	15 40176558 . A G . . .	False	False
15-40176562-C-T	1406538	Uncertain significance	1	criteria provided, single submitter	missense_variant	40176562	ENST00000287598	True	C	T	15-40176562-C-T	157	15 40176562 . C T . . .	False	False
15-40176568-C-G	4216949	Uncertain significance	1	criteria provided, single submitter	missense_variant	40176568	ENST00000287598	True	C	G	15-40176568-C-G	159	15 40176568 . C G . . .	False	False
15-40176570-G-A	3993677	Uncertain significance	1	criteria provided, single submitter	missense_variant	40176570	ENST00000287598	False	G	A	15-40176570-G-A	160	15 40176570 . G A . . .	False	False
15-40176571-A-C	4739324	Uncertain significance	1	criteria provided, single submitter	missense_variant	40176571	ENST00000287598	False	A	C	15-40176571-A-C	160	15 40176571 . A C . . .	False	False
15-40176571-A-G	4216958	Uncertain significance	1	criteria provided, single submitter	missense_variant	40176571	ENST00000287598	False	A	G	15-40176571-A-G	160	15 40176571 . A G . . .	False	False
15-40176574-A-T	2450824	Uncertain significance	1	criteria provided, single submitter	missense_variant	40176574	ENST00000287598	False	A	T	15-40176574-A-T	161	15 40176574 . A T . . .	False	False
15-40176575-A-T	1511624	Uncertain significance	1	criteria provided, single submitter	missense_variant	40176575	ENST00000287598	True	A	T	15-40176575-A-T	161	15 40176575 . A T . . .	False	False
15-40176576-T-C	855631	Uncertain significance	2	criteria provided, multiple submitters, no conflicts	missense_variant	40176576	ENST00000287598	True	T	C	15-40176576-T-C	162	15 40176576 . T C . . .	False	False
15-40176577-A-G	1363643	Uncertain significance	1	criteria provided, single submitter	missense_variant	40176577	ENST00000287598	True	A	G	15-40176577-A-G	162	15 40176577 . A G . . .	False	False
15-40176577-A-T	2450836	Uncertain significance	1	criteria provided, single submitter	missense_variant	40176577	ENST00000287598	False	A	T	15-40176577-A-T	162	15 40176577 . A T . . .	False	False
15-40176579-G-A	1743773	Uncertain significance	1	criteria provided, single submitter	missense_variant	40176579	ENST00000287598	False	G	A	15-40176579-G-A	163	15 40176579 . G A . . .	False	False
15-40176582-G-T	3262254	Uncertain significance	1	criteria provided, single submitter	missense_variant	40176582	ENST00000287598	False	G	T	15-40176582-G-T	164	15 40176582 . G T . . .	False	False
15-40176583-C-T	4826648	Uncertain significance	1	criteria provided, single submitter	missense_variant	40176583	ENST00000287598	True	C	T	15-40176583-C-T	164	15 40176583 . C T . . .	False	False
15-40176588-G-A	3221431	Uncertain significance	1	criteria provided, single submitter	missense_variant	40176588	ENST00000287598	False	G	A	15-40176588-G-A	166	15 40176588 . G A . . .	False	False
15-40176588-G-C	3221432	Uncertain significance	1	criteria provided, single submitter	missense_variant	40176588	ENST00000287598	False	G	C	15-40176588-G-C	166	15 40176588 . G C . . .	False	False
15-40176589-A-C	3135600	Uncertain significance	1	criteria provided, single submitter	missense_variant	40176589	ENST00000287598	False	A	C	15-40176589-A-C	166	15 40176589 . A C . . .	False	False
15-40176591-A-T	2450822	Uncertain significance	1	criteria provided, single submitter	missense_variant	40176591	ENST00000287598	False	A	T	15-40176591-A-T	167	15 40176591 . A T . . .	False	False
15-40176594-T-C	3262265	Uncertain significance	1	criteria provided, single submitter	missense_variant	40176594	ENST00000287598	False	T	C	15-40176594-T-C	168	15 40176594 . T C . . .	False	False
15-40176595-T-G	3826068	Uncertain significance	1	criteria provided, single submitter	missense_variant	40176595	ENST00000287598	True	T	G	15-40176595-T-G	168	15 40176595 . T G . . .	False	False
15-40176597-A-G	1059993	Uncertain significance	2	criteria provided, multiple submitters, no conflicts	missense_variant	40176597	ENST00000287598	True	A	G	15-40176597-A-G	169	15 40176597 . A G . . .	False	False
15-40176600-A-G	653178	Uncertain significance	2	criteria provided, multiple submitters, no conflicts	missense_variant	40176600	ENST00000287598	True	A	G	15-40176600-A-G	170	15 40176600 . A G . . .	False	False
15-40176603-G-C	968960	Uncertain significance	2	criteria provided, multiple submitters, no conflicts	missense_variant	40176603	ENST00000287598	True	G	C	15-40176603-G-C	171	15 40176603 . G C . . .	False	False
15-40176607-A-G	2497648	Uncertain significance	1	criteria provided, single submitter	missense_variant	40176607	ENST00000287598	True	A	G	15-40176607-A-G	172	15 40176607 . A G . . .	False	False
15-40176609-G-A	999906	Uncertain significance	2	criteria provided, multiple submitters, no conflicts	missense_variant	40176609	ENST00000287598	True	G	A	15-40176609-G-A	173	15 40176609 . G A . . .	False	False
15-40176610-C-T	855284	Uncertain significance	1	criteria provided, single submitter	missense_variant	40176610	ENST00000287598	True	C	T	15-40176610-C-T	173	15 40176610 . C T . . .	False	False
15-40176612-A-T	4599738	Uncertain significance	1	criteria provided, single submitter	missense_variant	40176612	ENST00000287598	False	A	T	15-40176612-A-T	174	15 40176612 . A T . . .	False	False
15-40176624-G-C	3993732	Uncertain significance	1	criteria provided, single submitter	missense_variant	40176624	ENST00000287598	False	G	C	15-40176624-G-C	178	15 40176624 . G C . . .	False	False
15-40176625-G-A	3993710	Uncertain significance	1	criteria provided, single submitter	missense_variant	40176625	ENST00000287598	False	G	A	15-40176625-G-A	178	15 40176625 . G A . . .	False	False
15-40176633-C-A	2450800	Uncertain significance	1	criteria provided, single submitter	missense_variant	40176633	ENST00000287598	False	C	A	15-40176633-C-A	181	15 40176633 . C A . . .	False	False
15-40176634-A-C	2450831	Uncertain significance	1	criteria provided, single submitter	missense_variant	40176634	ENST00000287598	False	A	C	15-40176634-A-C	181	15 40176634 . A C . . .	False	False
15-40176634-A-G	465378	Conflicting classifications of pathogenicity	1	criteria provided, conflicting classifications	missense_variant	40176634	ENST00000287598	True	A	G	15-40176634-A-G	181	15 40176634 . A G . . .	False	False
15-40176637-AG-CA	2698565	Uncertain significance	1	criteria provided, single submitter	missense_variant	40176637	ENST00000287598	False	AG	CA	15-40176637-AG-CA	182	15 40176637 . AG CA . . .	False	False
15-40176639-G-A	836045	Uncertain significance	2	criteria provided, multiple submitters, no conflicts	missense_variant	40176639	ENST00000287598	False	G	A	15-40176639-G-A	183	15 40176639 . G A . . .	False	False
15-40176639-G-C	1346988	Uncertain significance	1	criteria provided, single submitter	missense_variant	40176639	ENST00000287598	True	G	C	15-40176639-G-C	183	15 40176639 . G C . . .	False	False
15-40176640-C-G	1747838	Uncertain significance	1	criteria provided, single submitter	missense_variant	40176640	ENST00000287598	False	C	G	15-40176640-C-G	183	15 40176640 . C G . . .	False	False
15-40176642-G-A	572147	Uncertain significance	2	criteria provided, multiple submitters, no conflicts	missense_variant	40176642	ENST00000287598	True	G	A	15-40176642-G-A	184	15 40176642 . G A . . .	False	False
15-40176645-C-T	3826076	Uncertain significance	1	criteria provided, single submitter	missense_variant	40176645	ENST00000287598	True	C	T	15-40176645-C-T	185	15 40176645 . C T . . .	False	False
15-40176646-C-G	3483198	Uncertain significance	1	criteria provided, single submitter	missense_variant	40176646	ENST00000287598	False	C	G	15-40176646-C-G	185	15 40176646 . C G . . .	False	False
15-40176651-G-A	3826088	Uncertain significance	1	criteria provided, single submitter	missense_variant	40176651	ENST00000287598	False	G	A	15-40176651-G-A	187	15 40176651 . G A . . .	False	False
15-40176654-A-G	3826095	Uncertain significance	1	criteria provided, single submitter	missense_variant	40176654	ENST00000287598	True	A	G	15-40176654-A-G	188	15 40176654 . A G . . .	False	False
15-40176656-A-C	3221433	Uncertain significance	1	criteria provided, single submitter	missense_variant	40176656	ENST00000287598	True	A	C	15-40176656-A-C	188	15 40176656 . A C . . .	False	False
15-40176657-C-G	4216937	Uncertain significance	1	criteria provided, single submitter	missense_variant	40176657	ENST00000287598	False	C	G	15-40176657-C-G	189	15 40176657 . C G . . .	False	False
15-40176663-T-C	3221434	Uncertain significance	1	criteria provided, single submitter	missense_variant	40176663	ENST00000287598	False	T	C	15-40176663-T-C	191	15 40176663 . T C . . .	False	False
15-40176664-C-A	1018650	Uncertain significance	1	criteria provided, single submitter	missense_variant	40176664	ENST00000287598	True	C	A	15-40176664-C-A	191	15 40176664 . C A . . .	False	False
15-40176664-C-T	133774	Uncertain significance	1	criteria provided, single submitter	missense_variant	40176664	ENST00000287598	True	C	T	15-40176664-C-T	191	15 40176664 . C T . . .	False	False
15-40176667-A-G	3483262	Uncertain significance	1	criteria provided, single submitter	missense_variant	40176667	ENST00000287598	False	A	G	15-40176667-A-G	192	15 40176667 . A G . . .	False	False
15-40176672-C-G	2560837	Uncertain significance	1	criteria provided, single submitter	missense_variant	40176672	ENST00000287598	True	C	G	15-40176672-C-G	194	15 40176672 . C G . . .	False	False
15-40176673-G-A	465380	Uncertain significance	2	criteria provided, multiple submitters, no conflicts	missense_variant	40176673	ENST00000287598	True	G	A	15-40176673-G-A	194	15 40176673 . G A . . .	False	False
15-40176673-G-C	2680364	Uncertain significance	1	criteria provided, single submitter	missense_variant	40176673	ENST00000287598	False	G	C	15-40176673-G-C	194	15 40176673 . G C . . .	False	False
15-40183715-C-G	2058822	Uncertain significance	2	criteria provided, multiple submitters, no conflicts	missense_variant	40183715	ENST00000287598	False	C	G	15-40183715-C-G	195	15 40183715 . C G . . .	False	False
15-40183717-A-T	1750112	Uncertain significance	1	criteria provided, single submitter	missense_variant	40183717	ENST00000287598	False	A	T	15-40183717-A-T	195	15 40183717 . A T . . .	False	False
15-40183719-T-A	1750256	Uncertain significance	1	criteria provided, single submitter	missense_variant	40183719	ENST00000287598	True	T	A	15-40183719-T-A	196	15 40183719 . T A . . .	False	False
15-40183719-T-C	1750258	Uncertain significance	1	criteria provided, single submitter	missense_variant	40183719	ENST00000287598	True	T	C	15-40183719-T-C	196	15 40183719 . T C . . .	False	False
15-40183720-C-G	4216960	Uncertain significance	1	criteria provided, single submitter	missense_variant	40183720	ENST00000287598	False	C	G	15-40183720-C-G	196	15 40183720 . C G . . .	False	False
15-40183721-C-G	3221435	Uncertain significance	1	criteria provided, single submitter	missense_variant	40183721	ENST00000287598	False	C	G	15-40183721-C-G	197	15 40183721 . C G . . .	False	False
15-40183722-A-G	1750435	Uncertain significance	1	criteria provided, single submitter	missense_variant	40183722	ENST00000287598	False	A	G	15-40183722-A-G	197	15 40183722 . A G . . .	False	False
15-40183724-G-C	2565477	Uncertain significance	1	criteria provided, single submitter	missense_variant	40183724	ENST00000287598	False	G	C	15-40183724-G-C	198	15 40183724 . G C . . .	False	False
15-40183728-G-A	1474824	Uncertain significance	2	criteria provided, multiple submitters, no conflicts	missense_variant	40183728	ENST00000287598	True	G	A	15-40183728-G-A	199	15 40183728 . G A . . .	False	False
15-40183728-G-C	1020323	Uncertain significance	2	criteria provided, multiple submitters, no conflicts	missense_variant	40183728	ENST00000287598	True	G	C	15-40183728-G-C	199	15 40183728 . G C . . .	False	False
15-40183728-G-T	2805346	Uncertain significance	1	criteria provided, single submitter	missense_variant	40183728	ENST00000287598	True	G	T	15-40183728-G-T	199	15 40183728 . G T . . .	False	False
15-40183730-G-A	4842709	Uncertain significance	1	criteria provided, single submitter	missense_variant	40183730	ENST00000287598	True	G	A	15-40183730-G-A	200	15 40183730 . G A . . .	False	False
15-40183736-C-T	655087	Uncertain significance	2	criteria provided, multiple submitters, no conflicts	missense_variant	40183736	ENST00000287598	True	C	T	15-40183736-C-T	202	15 40183736 . C T . . .	False	False
15-40183737-G-A	403755	Uncertain significance	2	criteria provided, multiple submitters, no conflicts	missense_variant	40183737	ENST00000287598	True	G	A	15-40183737-G-A	202	15 40183737 . G A . . .	False	False
15-40183743-C-G	1019111	Uncertain significance	2	criteria provided, multiple submitters, no conflicts	missense_variant	40183743	ENST00000287598	True	C	G	15-40183743-C-G	204	15 40183743 . C G . . .	False	False
15-40183745-C-G	4842699	Uncertain significance	1	criteria provided, single submitter	missense_variant	40183745	ENST00000287598	False	C	G	15-40183745-C-G	205	15 40183745 . C G . . .	False	False
15-40183748-T-G	4826653	Uncertain significance	1	criteria provided, single submitter	missense_variant	40183748	ENST00000287598	False	T	G	15-40183748-T-G	206	15 40183748 . T G . . .	False	False
15-40183751-G-A	4600166	Uncertain significance	1	criteria provided, single submitter	missense_variant	40183751	ENST00000287598	False	G	A	15-40183751-G-A	207	15 40183751 . G A . . .	False	False
15-40183758-A-C	1752530	Uncertain significance	1	criteria provided, single submitter	missense_variant	40183758	ENST00000287598	False	A	C	15-40183758-A-C	209	15 40183758 . A C . . .	False	False
15-40183760-A-G	1752642	Uncertain significance	1	criteria provided, single submitter	missense_variant	40183760	ENST00000287598	False	A	G	15-40183760-A-G	210	15 40183760 . A G . . .	False	False
15-40183763-G-C	570109	Uncertain significance	2	criteria provided, multiple submitters, no conflicts	missense_variant	40183763	ENST00000287598	True	G	C	15-40183763-G-C	211	15 40183763 . G C . . .	False	False
15-40183767-A-G	3221436	Uncertain significance	1	criteria provided, single submitter	missense_variant	40183767	ENST00000287598	True	A	G	15-40183767-A-G	212	15 40183767 . A G . . .	False	False
15-40183768-A-C	656482	Uncertain significance	1	criteria provided, single submitter	missense_variant	40183768	ENST00000287598	False	A	C	15-40183768-A-C	212	15 40183768 . A C . . .	False	False
15-40183770-A-G	4600362	Uncertain significance	1	criteria provided, single submitter	missense_variant	40183770	ENST00000287598	False	A	G	15-40183770-A-G	213	15 40183770 . A G . . .	False	False
15-40183772-G-A	3483245	Uncertain significance	1	criteria provided, single submitter	missense_variant	40183772	ENST00000287598	False	G	A	15-40183772-G-A	214	15 40183772 . G A . . .	False	False
15-40183773-A-G	1753418	Uncertain significance	1	criteria provided, single submitter	missense_variant	40183773	ENST00000287598	False	A	G	15-40183773-A-G	214	15 40183773 . A G . . .	False	False
15-40183777-A-C	3483201	Uncertain significance	1	criteria provided, single submitter	missense_variant	40183777	ENST00000287598	False	A	C	15-40183777-A-C	215	15 40183777 . A C . . .	False	False
15-40183778-G-T	4216928	Uncertain significance	1	criteria provided, single submitter	missense_variant	40183778	ENST00000287598	False	G	T	15-40183778-G-T	216	15 40183778 . G T . . .	False	False
15-40183779-T-G	1361093	Uncertain significance	2	criteria provided, multiple submitters, no conflicts	missense_variant	40183779	ENST00000287598	True	T	G	15-40183779-T-G	216	15 40183779 . T G . . .	False	False
15-40183781-T-A	3483218	Uncertain significance	1	criteria provided, single submitter	missense_variant	40183781	ENST00000287598	False	T	A	15-40183781-T-A	217	15 40183781 . T A . . .	False	False
15-40183781-T-G	3221438	Uncertain significance	1	criteria provided, single submitter	missense_variant	40183781	ENST00000287598	False	T	G	15-40183781-T-G	217	15 40183781 . T G . . .	False	False
15-40183782-T-A	1056449	Uncertain significance	1	criteria provided, single submitter	missense_variant	40183782	ENST00000287598	False	T	A	15-40183782-T-A	217	15 40183782 . T A . . .	False	False
15-40183785-A-G	3262207	Likely benign	1	criteria provided, single submitter	missense_variant	40183785	ENST00000287598	False	A	G	15-40183785-A-G	218	15 40183785 . A G . . .	False	True
15-40183787-T-C	997487	Uncertain significance	2	criteria provided, multiple submitters, no conflicts	missense_variant	40183787	ENST00000287598	True	T	C	15-40183787-T-C	219	15 40183787 . T C . . .	False	False
15-40183790-T-A	3993725	Uncertain significance	1	criteria provided, single submitter	missense_variant	40183790	ENST00000287598	False	T	A	15-40183790-T-A	220	15 40183790 . T A . . .	False	False
15-40183791-C-T	3262206	Uncertain significance	1	criteria provided, single submitter	missense_variant	40183791	ENST00000287598	True	C	T	15-40183791-C-T	220	15 40183791 . C T . . .	False	False
15-40183793-G-C	3483164	Uncertain significance	1	criteria provided, single submitter	missense_variant	40183793	ENST00000287598	False	G	C	15-40183793-G-C	221	15 40183793 . G C . . .	False	False
15-40183794-T-C	1754571	Uncertain significance	2	criteria provided, multiple submitters, no conflicts	missense_variant	40183794	ENST00000287598	True	T	C	15-40183794-T-C	221	15 40183794 . T C . . .	False	False
15-40183796-C-A	2497658	Uncertain significance	1	criteria provided, single submitter	missense_variant	40183796	ENST00000287598	False	C	A	15-40183796-C-A	222	15 40183796 . C A . . .	False	False
15-40183797-C-T	1754729	Uncertain significance	1	criteria provided, single submitter	missense_variant	40183797	ENST00000287598	True	C	T	15-40183797-C-T	222	15 40183797 . C T . . .	False	False
15-40183802-C-G	2450844	Uncertain significance	1	criteria provided, single submitter	missense_variant	40183802	ENST00000287598	False	C	G	15-40183802-C-G	224	15 40183802 . C G . . .	False	False
15-40183803-G-A	1395356	Uncertain significance	1	criteria provided, single submitter	missense_variant	40183803	ENST00000287598	True	G	A	15-40183803-G-A	224	15 40183803 . G A . . .	False	False
15-40183806-G-A	4842710	Uncertain significance	1	criteria provided, single submitter	missense_variant	40183806	ENST00000287598	False	G	A	15-40183806-G-A	225	15 40183806 . G A . . .	False	False
15-40183808-A-C	133775	Uncertain significance	2	criteria provided, multiple submitters, no conflicts	missense_variant	40183808	ENST00000287598	True	A	C	15-40183808-A-C	226	15 40183808 . A C . . .	False	False
15-40183808-A-G	3483183	Uncertain significance	1	criteria provided, single submitter	missense_variant	40183808	ENST00000287598	False	A	G	15-40183808-A-G	226	15 40183808 . A G . . .	False	False
15-40183809-C-T	1755382	Uncertain significance	1	criteria provided, single submitter	missense_variant	40183809	ENST00000287598	True	C	T	15-40183809-C-T	226	15 40183809 . C T . . .	False	False
15-40183814-G-A	1755675	Uncertain significance	1	criteria provided, single submitter	missense_variant	40183814	ENST00000287598	True	G	A	15-40183814-G-A	228	15 40183814 . G A . . .	False	False
15-40183818-A-C	1755870	Uncertain significance	1	criteria provided, single submitter	missense_variant	40183818	ENST00000287598	True	A	C	15-40183818-A-C	229	15 40183818 . A C . . .	False	False
15-40183818-A-T	3993679	Uncertain significance	1	criteria provided, single submitter	missense_variant	40183818	ENST00000287598	True	A	T	15-40183818-A-T	229	15 40183818 . A T . . .	False	False
15-40183824-A-G	2560835	Uncertain significance	1	criteria provided, single submitter	missense_variant	40183824	ENST00000287598	False	A	G	15-40183824-A-G	231	15 40183824 . A G . . .	False	False
15-40183826-A-G	4599837	Uncertain significance	1	criteria provided, single submitter	missense_variant	40183826	ENST00000287598	True	A	G	15-40183826-A-G	232	15 40183826 . A G . . .	False	False
15-40183827-G-A	1756319	Uncertain significance	1	criteria provided, single submitter	missense_variant	40183827	ENST00000287598	False	G	A	15-40183827-G-A	232	15 40183827 . G A . . .	False	False
15-40183828-C-A	1756358	Uncertain significance	1	criteria provided, single submitter	missense_variant	40183828	ENST00000287598	True	C	A	15-40183828-C-A	232	15 40183828 . C A . . .	False	False
15-40183830-A-C	1756449	Uncertain significance	1	criteria provided, single submitter	missense_variant	40183830	ENST00000287598	True	A	C	15-40183830-A-C	233	15 40183830 . A C . . .	False	False
15-40183830-A-G	1172748	Uncertain significance	2	criteria provided, multiple submitters, no conflicts	missense_variant	40183830	ENST00000287598	True	A	G	15-40183830-A-G	233	15 40183830 . A G . . .	False	False
15-40183831-A-C	1061945	Uncertain significance	2	criteria provided, multiple submitters, no conflicts	missense_variant	40183831	ENST00000287598	True	A	C	15-40183831-A-C	233	15 40183831 . A C . . .	False	False
15-40183836-A-G	1698343	Uncertain significance	1	criteria provided, single submitter	missense_variant	40183836	ENST00000287598	False	A	G	15-40183836-A-G	235	15 40183836 . A G . . .	False	False
15-40183841-A-G	4216936	Uncertain significance	1	criteria provided, single submitter	missense_variant	40183841	ENST00000287598	False	A	G	15-40183841-A-G	237	15 40183841 . A G . . .	False	False
15-40183842-C-G	3483233	Uncertain significance	1	criteria provided, single submitter	missense_variant	40183842	ENST00000287598	False	C	G	15-40183842-C-G	237	15 40183842 . C G . . .	False	False
15-40183842-C-T	1757209	Uncertain significance	1	criteria provided, single submitter	missense_variant	40183842	ENST00000287598	True	C	T	15-40183842-C-T	237	15 40183842 . C T . . .	False	False
15-40183844-G-A	1757306	Uncertain significance	1	criteria provided, single submitter	missense_variant	40183844	ENST00000287598	True	G	A	15-40183844-G-A	238	15 40183844 . G A . . .	False	False
15-40183850-G-A	3221441	Uncertain significance	1	criteria provided, single submitter	missense_variant	40183850	ENST00000287598	False	G	A	15-40183850-G-A	240	15 40183850 . G A . . .	False	False
15-40183850-G-C	1757589	Uncertain significance	1	criteria provided, single submitter	missense_variant	40183850	ENST00000287598	False	G	C	15-40183850-G-C	240	15 40183850 . G C . . .	False	False
15-40183851-C-T	1757622	Uncertain significance	1	criteria provided, single submitter	missense_variant	40183851	ENST00000287598	False	C	T	15-40183851-C-T	240	15 40183851 . C T . . .	False	False
15-40183856-A-G	1757898	Uncertain significance	1	criteria provided, single submitter	missense_variant	40183856	ENST00000287598	True	A	G	15-40183856-A-G	242	15 40183856 . A G . . .	False	False
15-40183857-T-C	3262233	Uncertain significance	1	criteria provided, single submitter	missense_variant	40183857	ENST00000287598	False	T	C	15-40183857-T-C	242	15 40183857 . T C . . .	False	False
15-40183859-A-G	2439583	Uncertain significance	2	criteria provided, multiple submitters, no conflicts	missense_variant	40183859	ENST00000287598	True	A	G	15-40183859-A-G	243	15 40183859 . A G . . .	False	False
15-40183860-T-C	1758104	Uncertain significance	1	criteria provided, single submitter	missense_variant	40183860	ENST00000287598	False	T	C	15-40183860-T-C	243	15 40183860 . T C . . .	False	False
15-40183862-C-T	1389806	Uncertain significance	2	criteria provided, multiple submitters, no conflicts	missense_variant	40183862	ENST00000287598	True	C	T	15-40183862-C-T	244	15 40183862 . C T . . .	False	False
15-40183863-G-A	2533605	Uncertain significance	2	criteria provided, multiple submitters, no conflicts	missense_variant	40183863	ENST00000287598	True	G	A	15-40183863-G-A	244	15 40183863 . G A . . .	False	False
15-40183863-G-C	3221442	Uncertain significance	1	criteria provided, single submitter	missense_variant	40183863	ENST00000287598	True	G	C	15-40183863-G-C	244	15 40183863 . G C . . .	False	False
15-40183863-G-T	3667484	Uncertain significance	2	criteria provided, multiple submitters, no conflicts	missense_variant	40183863	ENST00000287598	False	G	T	15-40183863-G-T	244	15 40183863 . G T . . .	False	False
15-40183868-G-A	1758556	Uncertain significance	2	criteria provided, multiple submitters, no conflicts	missense_variant	40183868	ENST00000287598	True	G	A	15-40183868-G-A	246	15 40183868 . G A . . .	False	False
15-40183869-G-A	533905	Uncertain significance	2	criteria provided, multiple submitters, no conflicts	missense_variant	40183869	ENST00000287598	True	G	A	15-40183869-G-A	246	15 40183869 . G A . . .	False	False
15-40183869-G-C	3221443	Uncertain significance	1	criteria provided, single submitter	missense_variant	40183869	ENST00000287598	False	G	C	15-40183869-G-C	246	15 40183869 . G C . . .	False	False
15-40183869-G-T	3483116	Uncertain significance	1	criteria provided, single submitter	missense_variant	40183869	ENST00000287598	False	G	T	15-40183869-G-T	246	15 40183869 . G T . . .	False	False
15-40183871-G-A	3826065	Uncertain significance	1	criteria provided, single submitter	missense_variant	40183871	ENST00000287598	False	G	A	15-40183871-G-A	247	15 40183871 . G A . . .	False	False
15-40183872-G-C	2462476	Uncertain significance	1	criteria provided, single submitter	missense_variant	40183872	ENST00000287598	False	G	C	15-40183872-G-C	247	15 40183872 . G C . . .	False	False
15-40183877-C-T	3262224	Uncertain significance	2	criteria provided, multiple submitters, no conflicts	missense_variant	40183877	ENST00000287598	True	C	T	15-40183877-C-T	249	15 40183877 . C T . . .	False	False
15-40183881-A-C	3721689	Uncertain significance	1	criteria provided, single submitter	missense_variant	40183881	ENST00000287598	True	A	C	15-40183881-A-C	250	15 40183881 . A C . . .	False	False
15-40183881-A-G	2565458	Uncertain significance	1	criteria provided, single submitter	missense_variant	40183881	ENST00000287598	True	A	G	15-40183881-A-G	250	15 40183881 . A G . . .	False	False
15-40183882-G-C	465381	Uncertain significance	1	criteria provided, single submitter	missense_variant	40183882	ENST00000287598	True	G	C	15-40183882-G-C	250	15 40183882 . G C . . .	False	False
15-40185167-C-T	3483208	Uncertain significance	1	criteria provided, single submitter	missense_variant	40185167	ENST00000287598	False	C	T	15-40185167-C-T	252	15 40185167 . C T . . .	False	False
15-40185168-C-T	1759512	Uncertain significance	1	criteria provided, single submitter	missense_variant	40185168	ENST00000287598	True	C	T	15-40185168-C-T	252	15 40185168 . C T . . .	False	False
15-40185174-A-G	3826120	Uncertain significance	1	criteria provided, single submitter	missense_variant	40185174	ENST00000287598	True	A	G	15-40185174-A-G	254	15 40185174 . A G . . .	False	False
15-40185177-A-G	3993712	Uncertain significance	1	criteria provided, single submitter	missense_variant	40185177	ENST00000287598	True	A	G	15-40185177-A-G	255	15 40185177 . A G . . .	False	False
15-40185178-C-G	3221444	Uncertain significance	1	criteria provided, single submitter	missense_variant	40185178	ENST00000287598	False	C	G	15-40185178-C-G	255	15 40185178 . C G . . .	False	False
15-40185180-G-A	2585909	Uncertain significance	1	criteria provided, single submitter	missense_variant	40185180	ENST00000287598	True	G	A	15-40185180-G-A	256	15 40185180 . G A . . .	False	False
15-40185180-G-T	533911	Uncertain significance	2	criteria provided, multiple submitters, no conflicts	missense_variant	40185180	ENST00000287598	True	G	T	15-40185180-G-T	256	15 40185180 . G T . . .	False	False
15-40185182-G-A	3221445	Uncertain significance	1	criteria provided, single submitter	missense_variant	40185182	ENST00000287598	True	G	A	15-40185182-G-A	257	15 40185182 . G A . . .	False	False
15-40185183-G-A	2450838	Uncertain significance	1	criteria provided, single submitter	missense_variant	40185183	ENST00000287598	True	G	A	15-40185183-G-A	257	15 40185183 . G A . . .	False	False
15-40185185-C-T	403745	Likely benign	2	criteria provided, multiple submitters, no conflicts	missense_variant	40185185	ENST00000287598	True	C	T	15-40185185-C-T	258	15 40185185 . C T . . .	False	True
15-40185189-A-C	3483191	Uncertain significance	1	criteria provided, single submitter	missense_variant	40185189	ENST00000287598	True	A	C	15-40185189-A-C	259	15 40185189 . A C . . .	False	False
15-40185192-A-G	133776	not provided	0	no classification provided	missense_variant	40185192	ENST00000287598	False	A	G	15-40185192-A-G	260	15 40185192 . A G . . .	False	False
15-40185194-C-G	4600026	Uncertain significance	1	criteria provided, single submitter	missense_variant	40185194	ENST00000287598	False	C	G	15-40185194-C-G	261	15 40185194 . C G . . .	False	False
15-40185201-C-T	1761038	Uncertain significance	1	criteria provided, single submitter	missense_variant	40185201	ENST00000287598	True	C	T	15-40185201-C-T	263	15 40185201 . C T . . .	False	False
15-40185204-A-C	3640668	Uncertain significance	1	criteria provided, single submitter	missense_variant	40185204	ENST00000287598	False	A	C	15-40185204-A-C	264	15 40185204 . A C . . .	False	False
15-40185205-A-C	1761256	Uncertain significance	1	criteria provided, single submitter	missense_variant	40185205	ENST00000287598	False	A	C	15-40185205-A-C	264	15 40185205 . A C . . .	False	False
15-40185206-C-G	1761311	Uncertain significance	1	criteria provided, single submitter	missense_variant	40185206	ENST00000287598	True	C	G	15-40185206-C-G	265	15 40185206 . C G . . .	False	False
15-40185207-A-C	1761347	Uncertain significance	1	criteria provided, single submitter	missense_variant	40185207	ENST00000287598	False	A	C	15-40185207-A-C	265	15 40185207 . A C . . .	False	False
15-40185207-A-T	3993730	Uncertain significance	1	criteria provided, single submitter	missense_variant	40185207	ENST00000287598	False	A	T	15-40185207-A-T	265	15 40185207 . A T . . .	False	False
15-40185209-A-C	1761416	Uncertain significance	1	criteria provided, single submitter	missense_variant	40185209	ENST00000287598	False	A	C	15-40185209-A-C	266	15 40185209 . A C . . .	False	False
15-40185209-A-G	1761421	Uncertain significance	2	criteria provided, multiple submitters, no conflicts	missense_variant	40185209	ENST00000287598	True	A	G	15-40185209-A-G	266	15 40185209 . A G . . .	False	False
15-40185210-T-C	1761463	Uncertain significance	1	criteria provided, single submitter	missense_variant	40185210	ENST00000287598	True	T	C	15-40185210-T-C	266	15 40185210 . T C . . .	False	False
15-40185210-T-G	1387840	Uncertain significance	2	criteria provided, multiple submitters, no conflicts	missense_variant	40185210	ENST00000287598	True	T	G	15-40185210-T-G	266	15 40185210 . T G . . .	False	False
15-40185213-A-C	3993715	Uncertain significance	1	criteria provided, single submitter	missense_variant	40185213	ENST00000287598	True	A	C	15-40185213-A-C	267	15 40185213 . A C . . .	False	False
15-40185216-A-G	1761755	Likely benign	1	criteria provided, single submitter	missense_variant	40185216	ENST00000287598	False	A	G	15-40185216-A-G	268	15 40185216 . A G . . .	False	True
15-40185218-A-C	4824247	Uncertain significance	1	criteria provided, single submitter	missense_variant	40185218	ENST00000287598	False	A	C	15-40185218-A-C	269	15 40185218 . A C . . .	False	False
15-40185218-A-G	133777	Conflicting classifications of pathogenicity	1	criteria provided, conflicting classifications	missense_variant	40185218	ENST00000287598	True	A	G	15-40185218-A-G	269	15 40185218 . A G . . .	False	False
15-40185219-A-G	662963	Uncertain significance	2	criteria provided, multiple submitters, no conflicts	missense_variant	40185219	ENST00000287598	True	A	G	15-40185219-A-G	269	15 40185219 . A G . . .	False	False
15-40185221-A-C	3483137	Uncertain significance	1	criteria provided, single submitter	missense_variant	40185221	ENST00000287598	False	A	C	15-40185221-A-C	270	15 40185221 . A C . . .	False	False
15-40185221-A-G	3826108	Uncertain significance	1	criteria provided, single submitter	missense_variant	40185221	ENST00000287598	False	A	G	15-40185221-A-G	270	15 40185221 . A G . . .	False	False
15-40185222-G-A	1761982	Uncertain significance	1	criteria provided, single submitter	missense_variant	40185222	ENST00000287598	False	G	A	15-40185222-G-A	270	15 40185222 . G A . . .	False	False
15-40185222-G-T	1761984	Uncertain significance	1	criteria provided, single submitter	missense_variant	40185222	ENST00000287598	True	G	T	15-40185222-G-T	270	15 40185222 . G T . . .	False	False
15-40185223-T-A	3221446	Uncertain significance	1	criteria provided, single submitter	missense_variant	40185223	ENST00000287598	True	T	A	15-40185223-T-A	270	15 40185223 . T A . . .	False	False
15-40185224-A-G	3993696	Uncertain significance	1	criteria provided, single submitter	missense_variant	40185224	ENST00000287598	True	A	G	15-40185224-A-G	271	15 40185224 . A G . . .	False	False
15-40185225-G-A	2693387	Uncertain significance	1	criteria provided, single submitter	missense_variant	40185225	ENST00000287598	False	G	A	15-40185225-G-A	271	15 40185225 . G A . . .	False	False
15-40185226-A-C	2585914	Uncertain significance	1	criteria provided, single submitter	missense_variant	40185226	ENST00000287598	True	A	C	15-40185226-A-C	271	15 40185226 . A C . . .	False	False
15-40185227-A-G	1413111	Uncertain significance	1	criteria provided, single submitter	missense_variant	40185227	ENST00000287598	True	A	G	15-40185227-A-G	272	15 40185227 . A G . . .	False	False
15-40185228-T-G	4216933	Uncertain significance	1	criteria provided, single submitter	missense_variant	40185228	ENST00000287598	False	T	G	15-40185228-T-G	272	15 40185228 . T G . . .	False	False
15-40185233-G-A	963956	Uncertain significance	2	criteria provided, multiple submitters, no conflicts	missense_variant	40185233	ENST00000287598	False	G	A	15-40185233-G-A	274	15 40185233 . G A . . .	False	False
15-40185234-T-A	3993728	Uncertain significance	1	criteria provided, single submitter	missense_variant	40185234	ENST00000287598	False	T	A	15-40185234-T-A	274	15 40185234 . T A . . .	False	False
15-40185234-T-C	1762518	Uncertain significance	1	criteria provided, single submitter	missense_variant	40185234	ENST00000287598	True	T	C	15-40185234-T-C	274	15 40185234 . T C . . .	False	False
15-40185237-T-C	3993691	Uncertain significance	1	criteria provided, single submitter	missense_variant	40185237	ENST00000287598	False	T	C	15-40185237-T-C	275	15 40185237 . T C . . .	False	False
15-40185239-G-C	4842705	Uncertain significance	1	criteria provided, single submitter	missense_variant	40185239	ENST00000287598	False	G	C	15-40185239-G-C	276	15 40185239 . G C . . .	False	False
15-40185239-G-T	2450802	Uncertain significance	1	criteria provided, single submitter	missense_variant	40185239	ENST00000287598	False	G	T	15-40185239-G-T	276	15 40185239 . G T . . .	False	False
15-40185240-A-G	1442271	Uncertain significance	1	criteria provided, single submitter	missense_variant	40185240	ENST00000287598	True	A	G	15-40185240-A-G	276	15 40185240 . A G . . .	False	False
15-40185240-A-T	3221447	Uncertain significance	1	criteria provided, single submitter	missense_variant	40185240	ENST00000287598	True	A	T	15-40185240-A-T	276	15 40185240 . A T . . .	False	False
15-40185242-G-A	4600582	Uncertain significance	1	criteria provided, single submitter	missense_variant	40185242	ENST00000287598	False	G	A	15-40185242-G-A	277	15 40185242 . G A . . .	False	False
15-40185246-A-G	1013635	Uncertain significance	2	criteria provided, multiple submitters, no conflicts	missense_variant	40185246	ENST00000287598	True	A	G	15-40185246-A-G	278	15 40185246 . A G . . .	False	False
15-40185248-G-A	3826099	Uncertain significance	1	criteria provided, single submitter	missense_variant	40185248	ENST00000287598	True	G	A	15-40185248-G-A	279	15 40185248 . G A . . .	False	False
15-40185249-C-A	3993723	Uncertain significance	1	criteria provided, single submitter	missense_variant	40185249	ENST00000287598	True	C	A	15-40185249-C-A	279	15 40185249 . C A . . .	False	False
15-40185249-C-T	4600246	Uncertain significance	1	criteria provided, single submitter	missense_variant	40185249	ENST00000287598	False	C	T	15-40185249-C-T	279	15 40185249 . C T . . .	False	False
15-40185251-G-A	3221448	Uncertain significance	1	criteria provided, single submitter	missense_variant	40185251	ENST00000287598	True	G	A	15-40185251-G-A	280	15 40185251 . G A . . .	False	False
15-40185251-G-C	1006427	Uncertain significance	1	criteria provided, single submitter	missense_variant	40185251	ENST00000287598	False	G	C	15-40185251-G-C	280	15 40185251 . G C . . .	False	False
15-40185251-G-T	3660770	Uncertain significance	1	criteria provided, single submitter	missense_variant	40185251	ENST00000287598	False	G	T	15-40185251-G-T	280	15 40185251 . G T . . .	False	False
15-40185252-A-G	4828772	Uncertain significance	1	criteria provided, single submitter	missense_variant	40185252	ENST00000287598	False	A	G	15-40185252-A-G	280	15 40185252 . A G . . .	False	False
15-40185252-A-T	1005977	Uncertain significance	2	criteria provided, multiple submitters, no conflicts	missense_variant	40185252	ENST00000287598	True	A	T	15-40185252-A-T	280	15 40185252 . A T . . .	False	False
15-40185255-A-C	1763336	Uncertain significance	1	criteria provided, single submitter	missense_variant	40185255	ENST00000287598	True	A	C	15-40185255-A-C	281	15 40185255 . A C . . .	False	False
15-40185255-A-G	3483203	Uncertain significance	1	criteria provided, single submitter	missense_variant	40185255	ENST00000287598	False	A	G	15-40185255-A-G	281	15 40185255 . A G . . .	False	False
15-40185256-G-C	1444633	Uncertain significance	2	criteria provided, multiple submitters, no conflicts	missense_variant	40185256	ENST00000287598	True	G	C	15-40185256-G-C	281	15 40185256 . G C . . .	False	False
15-40185257-G-A	4056156	Uncertain significance	1	criteria provided, single submitter	missense_variant	40185257	ENST00000287598	False	G	A	15-40185257-G-A	282	15 40185257 . G A . . .	False	False
15-40185257-G-C	2497665	Uncertain significance	1	criteria provided, single submitter	missense_variant	40185257	ENST00000287598	True	G	C	15-40185257-G-C	282	15 40185257 . G C . . .	False	False
15-40185258-C-T	4216932	Uncertain significance	1	criteria provided, single submitter	missense_variant	40185258	ENST00000287598	False	C	T	15-40185258-C-T	282	15 40185258 . C T . . .	False	False
15-40185263-A-C	3993671	Uncertain significance	1	criteria provided, single submitter	missense_variant	40185263	ENST00000287598	False	A	C	15-40185263-A-C	284	15 40185263 . A C . . .	False	False
15-40185263-A-G	1522515	Uncertain significance	2	criteria provided, multiple submitters, no conflicts	missense_variant	40185263	ENST00000287598	True	A	G	15-40185263-A-G	284	15 40185263 . A G . . .	False	False
15-40185264-C-G	3262260	Likely benign	1	criteria provided, single submitter	missense_variant	40185264	ENST00000287598	False	C	G	15-40185264-C-G	284	15 40185264 . C G . . .	False	True
15-40185264-C-T	2497652	Likely benign	1	criteria provided, single submitter	missense_variant	40185264	ENST00000287598	True	C	T	15-40185264-C-T	284	15 40185264 . C T . . .	False	True
15-40185266-G-A	2450841	Uncertain significance	1	criteria provided, single submitter	missense_variant	40185266	ENST00000287598	False	G	A	15-40185266-G-A	285	15 40185266 . G A . . .	False	False
15-40185267-C-A	2137043	Uncertain significance	2	criteria provided, multiple submitters, no conflicts	missense_variant	40185267	ENST00000287598	True	C	A	15-40185267-C-A	285	15 40185267 . C A . . .	False	False
15-40185267-C-T	2565449	Uncertain significance	1	criteria provided, single submitter	missense_variant	40185267	ENST00000287598	False	C	T	15-40185267-C-T	285	15 40185267 . C T . . .	False	False
15-40185270-A-G	1030304	Uncertain significance	2	criteria provided, multiple submitters, no conflicts	missense_variant	40185270	ENST00000287598	False	A	G	15-40185270-A-G	286	15 40185270 . A G . . .	False	False
15-40185271-G-T	3221449	Uncertain significance	1	criteria provided, single submitter	missense_variant	40185271	ENST00000287598	True	G	T	15-40185271-G-T	286	15 40185271 . G T . . .	False	False
15-40185275-T-C	1413637	Uncertain significance	2	criteria provided, multiple submitters, no conflicts	missense_variant	40185275	ENST00000287598	True	T	C	15-40185275-T-C	288	15 40185275 . T C . . .	False	False
15-40185276-C-T	1764128	Uncertain significance	1	criteria provided, single submitter	missense_variant	40185276	ENST00000287598	True	C	T	15-40185276-C-T	288	15 40185276 . C T . . .	False	False
15-40185281-C-A	842245	Uncertain significance	2	criteria provided, multiple submitters, no conflicts	missense_variant	40185281	ENST00000287598	False	C	A	15-40185281-C-A	290	15 40185281 . C A . . .	False	False
15-40185285-C-T	1764469	Uncertain significance	1	criteria provided, single submitter	missense_variant	40185285	ENST00000287598	True	C	T	15-40185285-C-T	291	15 40185285 . C T . . .	False	False
15-40185287-G-A	1038920	Uncertain significance	2	criteria provided, multiple submitters, no conflicts	missense_variant	40185287	ENST00000287598	True	G	A	15-40185287-G-A	292	15 40185287 . G A . . .	False	False
15-40185287-G-C	1764533	Uncertain significance	1	criteria provided, single submitter	missense_variant	40185287	ENST00000287598	True	G	C	15-40185287-G-C	292	15 40185287 . G C . . .	False	False
15-40185287-G-T	3262270	Uncertain significance	1	criteria provided, single submitter	missense_variant	40185287	ENST00000287598	False	G	T	15-40185287-G-T	292	15 40185287 . G T . . .	False	False
15-40185291-A-G	2838601	Uncertain significance	1	criteria provided, single submitter	missense_variant	40185291	ENST00000287598	True	A	G	15-40185291-A-G	293	15 40185291 . A G . . .	False	False
15-40185296-T-C	4600476	Uncertain significance	1	criteria provided, single submitter	missense_variant	40185296	ENST00000287598	False	T	C	15-40185296-T-C	295	15 40185296 . T C . . .	False	False
15-40185301-A-G	3483238	Uncertain significance	1	criteria provided, single submitter	missense_variant	40185301	ENST00000287598	False	A	G	15-40185301-A-G	296	15 40185301 . A G . . .	False	False
15-40185302-G-A	1439991	Uncertain significance	1	criteria provided, single submitter	missense_variant	40185302	ENST00000287598	False	G	A	15-40185302-G-A	297	15 40185302 . G A . . .	False	False
15-40185303-C-T	3640531	Uncertain significance	1	criteria provided, single submitter	missense_variant	40185303	ENST00000287598	False	C	T	15-40185303-C-T	297	15 40185303 . C T . . .	False	False
15-40185305-C-A	1765146	Uncertain significance	1	criteria provided, single submitter	missense_variant	40185305	ENST00000287598	False	C	A	15-40185305-C-A	298	15 40185305 . C A . . .	False	False
15-40185305-C-T	533914	Uncertain significance	2	criteria provided, multiple submitters, no conflicts	missense_variant	40185305	ENST00000287598	True	C	T	15-40185305-C-T	298	15 40185305 . C T . . .	False	False
15-40185306-C-A	2585936	Uncertain significance	1	criteria provided, single submitter	missense_variant	40185306	ENST00000287598	False	C	A	15-40185306-C-A	298	15 40185306 . C A . . .	False	False
15-40185306-C-T	1765184	Uncertain significance	1	criteria provided, single submitter	missense_variant	40185306	ENST00000287598	True	C	T	15-40185306-C-T	298	15 40185306 . C T . . .	False	False
15-40185308-C-G	576127	Uncertain significance	2	criteria provided, multiple submitters, no conflicts	missense_variant	40185308	ENST00000287598	True	C	G	15-40185308-C-G	299	15 40185308 . C G . . .	False	False
15-40185309-C-T	3262274	Uncertain significance	1	criteria provided, single submitter	missense_variant	40185309	ENST00000287598	True	C	T	15-40185309-C-T	299	15 40185309 . C T . . .	False	False
15-40185311-A-G	3221450	Likely benign	1	criteria provided, single submitter	missense_variant	40185311	ENST00000287598	True	A	G	15-40185311-A-G	300	15 40185311 . A G . . .	False	True
15-40185312-T-A	1765389	Uncertain significance	1	criteria provided, single submitter	missense_variant	40185312	ENST00000287598	False	T	A	15-40185312-T-A	300	15 40185312 . T A . . .	False	False
15-40185312-T-C	3633045	Uncertain significance	2	criteria provided, multiple submitters, no conflicts	missense_variant	40185312	ENST00000287598	True	T	C	15-40185312-T-C	300	15 40185312 . T C . . .	False	False
15-40185313-G-C	1765468	Uncertain significance	1	criteria provided, single submitter	missense_variant	40185313	ENST00000287598	False	G	C	15-40185313-G-C	300	15 40185313 . G C . . .	False	False
15-40185314-C-G	3221451	Uncertain significance	1	criteria provided, single submitter	missense_variant	40185314	ENST00000287598	False	C	G	15-40185314-C-G	301	15 40185314 . C G . . .	False	False
15-40185314-C-T	3483124	Likely benign	1	criteria provided, single submitter	missense_variant	40185314	ENST00000287598	True	C	T	15-40185314-C-T	301	15 40185314 . C T . . .	False	True
15-40185315-C-T	1765529	Uncertain significance	1	criteria provided, single submitter	missense_variant	40185315	ENST00000287598	False	C	T	15-40185315-C-T	301	15 40185315 . C T . . .	False	False
15-40185320-G-A	565559	Uncertain significance	2	criteria provided, multiple submitters, no conflicts	missense_variant	40185320	ENST00000287598	True	G	A	15-40185320-G-A	303	15 40185320 . G A . . .	False	False
15-40185320-G-T	4600191	Uncertain significance	1	criteria provided, single submitter	missense_variant	40185320	ENST00000287598	False	G	T	15-40185320-G-T	303	15 40185320 . G T . . .	False	False
15-40185321-C-T	3483192	Uncertain significance	1	criteria provided, single submitter	missense_variant	40185321	ENST00000287598	True	C	T	15-40185321-C-T	303	15 40185321 . C T . . .	False	False
15-40185324-A-C	4600218	Uncertain significance	1	criteria provided, single submitter	missense_variant	40185324	ENST00000287598	False	A	C	15-40185324-A-C	304	15 40185324 . A C . . .	False	False
15-40185324-A-G	1498634	Uncertain significance	2	criteria provided, multiple submitters, no conflicts	missense_variant	40185324	ENST00000287598	False	A	G	15-40185324-A-G	304	15 40185324 . A G . . .	False	False
15-40185326-G-A	3221452	Uncertain significance	1	criteria provided, single submitter	missense_variant	40185326	ENST00000287598	False	G	A	15-40185326-G-A	305	15 40185326 . G A . . .	False	False
15-40185327-A-G	1765955	Uncertain significance	2	criteria provided, multiple submitters, no conflicts	missense_variant	40185327	ENST00000287598	True	A	G	15-40185327-A-G	305	15 40185327 . A G . . .	False	False
15-40185329-A-G	1766024	Uncertain significance	1	criteria provided, single submitter	missense_variant	40185329	ENST00000287598	False	A	G	15-40185329-A-G	306	15 40185329 . A G . . .	False	False
15-40185330-A-G	1390882	Uncertain significance	2	criteria provided, multiple submitters, no conflicts	missense_variant	40185330	ENST00000287598	True	A	G	15-40185330-A-G	306	15 40185330 . A G . . .	False	False
15-40185331-T-G	3262216	Uncertain significance	1	criteria provided, single submitter	missense_variant	40185331	ENST00000287598	False	T	G	15-40185331-T-G	306	15 40185331 . T G . . .	False	False
15-40185332-G-A	2497657	Uncertain significance	1	criteria provided, single submitter	missense_variant	40185332	ENST00000287598	False	G	A	15-40185332-G-A	307	15 40185332 . G A . . .	False	False
15-40185333-A-G	3221453	Uncertain significance	1	criteria provided, single submitter	missense_variant	40185333	ENST00000287598	False	A	G	15-40185333-A-G	307	15 40185333 . A G . . .	False	False
15-40185335-C-G	654088	Uncertain significance	1	criteria provided, single submitter	missense_variant	40185335	ENST00000287598	True	C	G	15-40185335-C-G	308	15 40185335 . C G . . .	False	False
15-40185336-T-C	1766297	Uncertain significance	1	criteria provided, single submitter	missense_variant	40185336	ENST00000287598	False	T	C	15-40185336-T-C	308	15 40185336 . T C . . .	False	False
15-40185338-C-G	1766360	Uncertain significance	1	criteria provided, single submitter	missense_variant	40185338	ENST00000287598	False	C	G	15-40185338-C-G	309	15 40185338 . C G . . .	False	False
15-40185345-G-T	2585919	Uncertain significance	2	criteria provided, multiple submitters, no conflicts	missense_variant	40185345	ENST00000287598	False	G	T	15-40185345-G-T	311	15 40185345 . G T . . .	False	False
15-40185350-T-C	2450826	Uncertain significance	1	criteria provided, single submitter	missense_variant	40185350	ENST00000287598	False	T	C	15-40185350-T-C	313	15 40185350 . T C . . .	False	False
15-40185357-C-T	639311	Uncertain significance	2	criteria provided, multiple submitters, no conflicts	missense_variant	40185357	ENST00000287598	True	C	T	15-40185357-C-T	315	15 40185357 . C T . . .	False	False
15-40185362-A-G	2565475	Uncertain significance	1	criteria provided, single submitter	missense_variant	40185362	ENST00000287598	False	A	G	15-40185362-A-G	317	15 40185362 . A G . . .	False	False
15-40185363-G-A	1494508	Uncertain significance	1	criteria provided, single submitter	missense_variant	40185363	ENST00000287598	False	G	A	15-40185363-G-A	317	15 40185363 . G A . . .	False	False
15-40185364-G-T	3262208	Uncertain significance	1	criteria provided, single submitter	missense_variant	40185364	ENST00000287598	False	G	T	15-40185364-G-T	317	15 40185364 . G T . . .	False	False
15-40185365-T-G	2462465	Uncertain significance	1	criteria provided, single submitter	missense_variant	40185365	ENST00000287598	True	T	G	15-40185365-T-G	318	15 40185365 . T G . . .	False	False
15-40185371-G-A	3483177	Uncertain significance	1	criteria provided, single submitter	missense_variant	40185371	ENST00000287598	False	G	A	15-40185371-G-A	320	15 40185371 . G A . . .	False	False
15-40185372-A-G	942653	Uncertain significance	2	criteria provided, multiple submitters, no conflicts	missense_variant	40185372	ENST00000287598	True	A	G	15-40185372-A-G	320	15 40185372 . A G . . .	False	False
15-40185374-C-T	1767591	Likely benign	1	criteria provided, single submitter	missense_variant	40185374	ENST00000287598	False	C	T	15-40185374-C-T	321	15 40185374 . C T . . .	False	True
15-40185376-C-G	1767628	Uncertain significance	1	criteria provided, single submitter	missense_variant	40185376	ENST00000287598	True	C	G	15-40185376-C-G	321	15 40185376 . C G . . .	False	False
15-40185378-G-C	1767697	Uncertain significance	2	criteria provided, multiple submitters, no conflicts	missense_variant	40185378	ENST00000287598	False	G	C	15-40185378-G-C	322	15 40185378 . G C . . .	False	False
15-40185551-C-A	3483219	Uncertain significance	1	criteria provided, single submitter	missense_variant	40185551	ENST00000287598	False	C	A	15-40185551-C-A	323	15 40185551 . C A . . .	False	False
15-40185554-C-G	1767935	Uncertain significance	2	criteria provided, multiple submitters, no conflicts	missense_variant	40185554	ENST00000287598	False	C	G	15-40185554-C-G	324	15 40185554 . C G . . .	False	False
15-40185554-C-T	1767938	Uncertain significance	2	criteria provided, multiple submitters, no conflicts	missense_variant	40185554	ENST00000287598	True	C	T	15-40185554-C-T	324	15 40185554 . C T . . .	False	False
15-40185555-G-A	1767972	Conflicting classifications of pathogenicity	1	criteria provided, conflicting classifications	missense_variant	40185555	ENST00000287598	True	G	A	15-40185555-G-A	324	15 40185555 . G A . . .	False	False
15-40185555-G-T	1767978	Uncertain significance	1	criteria provided, single submitter	missense_variant	40185555	ENST00000287598	False	G	T	15-40185555-G-T	324	15 40185555 . G T . . .	False	False
15-40185558-G-A	648700	Uncertain significance	2	criteria provided, multiple submitters, no conflicts	missense_variant	40185558	ENST00000287598	True	G	A	15-40185558-G-A	325	15 40185558 . G A . . .	False	False
15-40185560-A-C	4600158	Uncertain significance	1	criteria provided, single submitter	missense_variant	40185560	ENST00000287598	False	A	C	15-40185560-A-C	326	15 40185560 . A C . . .	False	False
15-40185561-A-G	660210	Conflicting classifications of pathogenicity	1	criteria provided, conflicting classifications	missense_variant	40185561	ENST00000287598	True	A	G	15-40185561-A-G	326	15 40185561 . A G . . .	False	False
15-40185563-A-C	3826119	Uncertain significance	1	criteria provided, single submitter	missense_variant	40185563	ENST00000287598	False	A	C	15-40185563-A-C	327	15 40185563 . A C . . .	False	False
15-40185564-C-A	1768277	Uncertain significance	2	criteria provided, multiple submitters, no conflicts	missense_variant	40185564	ENST00000287598	True	C	A	15-40185564-C-A	327	15 40185564 . C A . . .	False	False
15-40185564-C-T	3483237	Uncertain significance	1	criteria provided, single submitter	missense_variant	40185564	ENST00000287598	True	C	T	15-40185564-C-T	327	15 40185564 . C T . . .	False	False
15-40185566-G-A	853517	Uncertain significance	2	criteria provided, multiple submitters, no conflicts	missense_variant	40185566	ENST00000287598	True	G	A	15-40185566-G-A	328	15 40185566 . G A . . .	False	False
15-40185570-C-T	1768447	Uncertain significance	1	criteria provided, single submitter	missense_variant	40185570	ENST00000287598	False	C	T	15-40185570-C-T	329	15 40185570 . C T . . .	False	False
15-40185573-T-A	1768524	Uncertain significance	1	criteria provided, single submitter	missense_variant	40185573	ENST00000287598	False	T	A	15-40185573-T-A	330	15 40185573 . T A . . .	False	False
15-40185573-T-C	3826118	Uncertain significance	1	criteria provided, single submitter	missense_variant	40185573	ENST00000287598	False	T	C	15-40185573-T-C	330	15 40185573 . T C . . .	False	False
15-40185576-T-C	1768645	Conflicting classifications of pathogenicity	1	criteria provided, conflicting classifications	missense_variant	40185576	ENST00000287598	True	T	C	15-40185576-T-C	331	15 40185576 . T C . . .	False	False
15-40185578-G-T	3483141	Uncertain significance	1	criteria provided, single submitter	missense_variant	40185578	ENST00000287598	True	G	T	15-40185578-G-T	332	15 40185578 . G T . . .	False	False
15-40185581-G-A	3262231	Uncertain significance	2	criteria provided, multiple submitters, no conflicts	missense_variant	40185581	ENST00000287598	False	G	A	15-40185581-G-A	333	15 40185581 . G A . . .	False	False
15-40185585-C-T	133779	Conflicting classifications of pathogenicity	1	criteria provided, conflicting classifications	missense_variant	40185585	ENST00000287598	True	C	T	15-40185585-C-T	334	15 40185585 . C T . . .	False	False
15-40185587-G-A	938610	Conflicting classifications of pathogenicity	1	criteria provided, conflicting classifications	missense_variant	40185587	ENST00000287598	True	G	A	15-40185587-G-A	335	15 40185587 . G A . . .	False	False
15-40185587-G-C	533904	Conflicting classifications of pathogenicity	1	criteria provided, conflicting classifications	missense_variant	40185587	ENST00000287598	True	G	C	15-40185587-G-C	335	15 40185587 . G C . . .	False	False
15-40185588-C-G	1444801	Uncertain significance	2	criteria provided, multiple submitters, no conflicts	missense_variant	40185588	ENST00000287598	True	C	G	15-40185588-C-G	335	15 40185588 . C G . . .	False	False
15-40185599-A-C	1741295	Uncertain significance	1	criteria provided, single submitter	missense_variant	40185599	ENST00000287598	False	A	C	15-40185599-A-C	339	15 40185599 . A C . . .	False	False
15-40185604-C-A	3221322	Uncertain significance	1	criteria provided, single submitter	missense_variant	40185604	ENST00000287598	False	C	A	15-40185604-C-A	340	15 40185604 . C A . . .	False	False
15-40185604-C-G	4216939	Uncertain significance	1	criteria provided, single submitter	missense_variant	40185604	ENST00000287598	False	C	G	15-40185604-C-G	340	15 40185604 . C G . . .	False	False
15-40185606-C-T	4851824	Uncertain significance	1	criteria provided, single submitter	missense_variant	40185606	ENST00000287598	False	C	T	15-40185606-C-T	341	15 40185606 . C T . . .	False	False
15-40185609-C-A	3221323	Uncertain significance	1	criteria provided, single submitter	missense_variant	40185609	ENST00000287598	True	C	A	15-40185609-C-A	342	15 40185609 . C A . . .	False	False
15-40185609-C-T	1769316	Uncertain significance	1	criteria provided, single submitter	missense_variant	40185609	ENST00000287598	True	C	T	15-40185609-C-T	342	15 40185609 . C T . . .	False	False
15-40185614-G-A	1771085	Uncertain significance	2	criteria provided, multiple submitters, no conflicts	missense_variant	40185614	ENST00000287598	True	G	A	15-40185614-G-A	344	15 40185614 . G A . . .	False	False
15-40185621-A-G	1772836	Uncertain significance	1	criteria provided, single submitter	missense_variant	40185621	ENST00000287598	True	A	G	15-40185621-A-G	346	15 40185621 . A G . . .	False	False
15-40185624-C-G	3262190	Uncertain significance	1	criteria provided, single submitter	missense_variant	40185624	ENST00000287598	True	C	G	15-40185624-C-G	347	15 40185624 . C G . . .	False	False
15-40185624-C-T	3483134	Uncertain significance	1	criteria provided, single submitter	missense_variant	40185624	ENST00000287598	False	C	T	15-40185624-C-T	347	15 40185624 . C T . . .	False	False
15-40185626-G-A	2915294	Uncertain significance	1	criteria provided, single submitter	missense_variant	40185626	ENST00000287598	True	G	A	15-40185626-G-A	348	15 40185626 . G A . . .	False	False
15-40185626-G-C	533903	Uncertain significance	2	criteria provided, multiple submitters, no conflicts	missense_variant	40185626	ENST00000287598	False	G	C	15-40185626-G-C	348	15 40185626 . G C . . .	False	False
15-40185627-C-T	997622	Uncertain significance	2	criteria provided, multiple submitters, no conflicts	missense_variant	40185627	ENST00000287598	True	C	T	15-40185627-C-T	348	15 40185627 . C T . . .	False	False
15-40185630-G-A	133780	Benign	2	criteria provided, multiple submitters, no conflicts	missense_variant	40185630	ENST00000287598	True	G	A	15-40185630-G-A	349	15 40185630 . G A . . .	False	True
15-40185636-C-T	848799	Uncertain significance	2	criteria provided, multiple submitters, no conflicts	missense_variant	40185636	ENST00000287598	True	C	T	15-40185636-C-T	351	15 40185636 . C T . . .	False	False
15-40185641-A-T	4600524	Uncertain significance	1	criteria provided, single submitter	missense_variant	40185641	ENST00000287598	True	A	T	15-40185641-A-T	353	15 40185641 . A T . . .	False	False
15-40185642-T-C	3690679	Uncertain significance	1	criteria provided, single submitter	missense_variant	40185642	ENST00000287598	True	T	C	15-40185642-T-C	353	15 40185642 . T C . . .	False	False
15-40196546-A-G	1780125	Uncertain significance	2	criteria provided, multiple submitters, no conflicts	missense_variant	40196546	ENST00000287598	True	A	G	15-40196546-A-G	354	15 40196546 . A G . . .	False	False
15-40196546-A-T	3483228	Uncertain significance	1	criteria provided, single submitter	missense_variant	40196546	ENST00000287598	False	A	T	15-40196546-A-T	354	15 40196546 . A T . . .	False	False
15-40196549-C-G	3483256	Uncertain significance	1	criteria provided, single submitter	missense_variant	40196549	ENST00000287598	False	C	G	15-40196549-C-G	355	15 40196549 . C G . . .	False	False
15-40196552-T-A	3665374	Uncertain significance	1	criteria provided, single submitter	missense_variant	40196552	ENST00000287598	True	T	A	15-40196552-T-A	356	15 40196552 . T A . . .	False	False
15-40196552-T-C	133783	Uncertain significance	1	criteria provided, single submitter	missense_variant	40196552	ENST00000287598	True	T	C	15-40196552-T-C	356	15 40196552 . T C . . .	False	False
15-40196552-T-G	4056260	Uncertain significance	1	criteria provided, single submitter	missense_variant	40196552	ENST00000287598	True	T	G	15-40196552-T-G	356	15 40196552 . T G . . .	False	False
15-40196553-G-A	2445378	Conflicting classifications of pathogenicity	1	criteria provided, conflicting classifications	missense_variant	40196553	ENST00000287598	False	G	A	15-40196553-G-A	356	15 40196553 . G A . . .	False	False
15-40196555-A-C	836746	Uncertain significance	2	criteria provided, multiple submitters, no conflicts	missense_variant	40196555	ENST00000287598	False	A	C	15-40196555-A-C	357	15 40196555 . A C . . .	False	False
15-40196556-A-C	4600446	Uncertain significance	1	criteria provided, single submitter	missense_variant	40196556	ENST00000287598	False	A	C	15-40196556-A-C	357	15 40196556 . A C . . .	False	False
15-40196557-A-T	1783478	Uncertain significance	1	criteria provided, single submitter	missense_variant	40196557	ENST00000287598	False	A	T	15-40196557-A-T	357	15 40196557 . A T . . .	False	False
15-40196559-T-C	3262214	Uncertain significance	2	criteria provided, multiple submitters, no conflicts	missense_variant	40196559	ENST00000287598	True	T	C	15-40196559-T-C	358	15 40196559 . T C . . .	False	False
15-40196565-C-G	403740	Uncertain significance	2	criteria provided, multiple submitters, no conflicts	missense_variant	40196565	ENST00000287598	True	C	G	15-40196565-C-G	360	15 40196565 . C G . . .	False	False
15-40196567-A-G	3993688	Uncertain significance	1	criteria provided, single submitter	missense_variant	40196567	ENST00000287598	False	A	G	15-40196567-A-G	361	15 40196567 . A G . . .	False	False
15-40196569-T-G	1320283	Uncertain significance	2	criteria provided, multiple submitters, no conflicts	missense_variant	40196569	ENST00000287598	True	T	G	15-40196569-T-G	361	15 40196569 . T G . . .	False	False
15-40196574-A-G	1788146	Uncertain significance	2	criteria provided, multiple submitters, no conflicts	missense_variant	40196574	ENST00000287598	False	A	G	15-40196574-A-G	363	15 40196574 . A G . . .	False	False
15-40196576-C-A	3221327	Uncertain significance	1	criteria provided, single submitter	missense_variant	40196576	ENST00000287598	False	C	A	15-40196576-C-A	364	15 40196576 . C A . . .	False	False
15-40196579-A-T	1789921	Uncertain significance	1	criteria provided, single submitter	missense_variant	40196579	ENST00000287598	False	A	T	15-40196579-A-T	365	15 40196579 . A T . . .	False	False
15-40196582-C-A	3483133	Uncertain significance	1	criteria provided, single submitter	missense_variant	40196582	ENST00000287598	False	C	A	15-40196582-C-A	366	15 40196582 . C A . . .	False	False
15-40196586-G-A	1426185	Uncertain significance	2	criteria provided, multiple submitters, no conflicts	missense_variant	40196586	ENST00000287598	True	G	A	15-40196586-G-A	367	15 40196586 . G A . . .	False	False
15-40196588-A-C	3993722	Uncertain significance	1	criteria provided, single submitter	missense_variant	40196588	ENST00000287598	False	A	C	15-40196588-A-C	368	15 40196588 . A C . . .	False	False
15-40196588-A-G	2585917	Uncertain significance	1	criteria provided, single submitter	missense_variant	40196588	ENST00000287598	False	A	G	15-40196588-A-G	368	15 40196588 . A G . . .	False	False
15-40196591-A-G	2450843	Uncertain significance	1	criteria provided, single submitter	missense_variant	40196591	ENST00000287598	False	A	G	15-40196591-A-G	369	15 40196591 . A G . . .	False	False
15-40196595-A-G	4761751	Uncertain significance	1	criteria provided, single submitter	missense_variant	40196595	ENST00000287598	False	A	G	15-40196595-A-G	370	15 40196595 . A G . . .	False	False
15-40196596-G-C	4216969	Uncertain significance	1	criteria provided, single submitter	missense_variant	40196596	ENST00000287598	False	G	C	15-40196596-G-C	370	15 40196596 . G C . . .	False	False
15-40196596-G-T	1795129	Uncertain significance	1	criteria provided, single submitter	missense_variant	40196596	ENST00000287598	True	G	T	15-40196596-G-T	370	15 40196596 . G T . . .	False	False
15-40196600-G-A	2624686	Uncertain significance	1	criteria provided, single submitter	missense_variant	40196600	ENST00000287598	False	G	A	15-40196600-G-A	372	15 40196600 . G A . . .	False	False
15-40196604-A-G	1796733	Uncertain significance	1	criteria provided, single submitter	missense_variant	40196604	ENST00000287598	True	A	G	15-40196604-A-G	373	15 40196604 . A G . . .	False	False
15-40196609-G-A	1045225	Uncertain significance	2	criteria provided, multiple submitters, no conflicts	missense_variant	40196609	ENST00000287598	True	G	A	15-40196609-G-A	375	15 40196609 . G A . . .	False	False
15-40196613-G-A	1799387	Uncertain significance	2	criteria provided, multiple submitters, no conflicts	missense_variant	40196613	ENST00000287598	True	G	A	15-40196613-G-A	376	15 40196613 . G A . . .	False	False
15-40196613-G-T	1799430	Uncertain significance	1	criteria provided, single submitter	missense_variant	40196613	ENST00000287598	True	G	T	15-40196613-G-T	376	15 40196613 . G T . . .	False	False
15-40196613-GA-TT	403737	Uncertain significance	1	criteria provided, single submitter	missense_variant	40196613	ENST00000287598	False	GA	TT	15-40196613-GA-TT	376	15 40196613 . GA TT . . .	False	False
15-40196615-G-C	3483212	Uncertain significance	1	criteria provided, single submitter	missense_variant	40196615	ENST00000287598	False	G	C	15-40196615-G-C	377	15 40196615 . G C . . .	False	False
15-40196616-A-C	4216980	Uncertain significance	1	criteria provided, single submitter	missense_variant	40196616	ENST00000287598	False	A	C	15-40196616-A-C	377	15 40196616 . A C . . .	False	False
15-40196616-A-G	4216946	Uncertain significance	1	criteria provided, single submitter	missense_variant	40196616	ENST00000287598	False	A	G	15-40196616-A-G	377	15 40196616 . A G . . .	False	False
15-40196616-A-T	2565452	Uncertain significance	1	criteria provided, single submitter	missense_variant	40196616	ENST00000287598	False	A	T	15-40196616-A-T	377	15 40196616 . A T . . .	False	False
15-40196619-C-G	3993734	Uncertain significance	1	criteria provided, single submitter	missense_variant	40196619	ENST00000287598	False	C	G	15-40196619-C-G	378	15 40196619 . C G . . .	False	False
15-40196621-C-G	3826107	Uncertain significance	1	criteria provided, single submitter	missense_variant	40196621	ENST00000287598	False	C	G	15-40196621-C-G	379	15 40196621 . C G . . .	False	False
15-40196625-A-C	845229	Uncertain significance	2	criteria provided, multiple submitters, no conflicts	missense_variant	40196625	ENST00000287598	True	A	C	15-40196625-A-C	380	15 40196625 . A C . . .	False	False
15-40196628-G-C	1731673	Uncertain significance	2	criteria provided, multiple submitters, no conflicts	missense_variant	40196628	ENST00000287598	True	G	C	15-40196628-G-C	381	15 40196628 . G C . . .	False	False
15-40196628-G-T	3993709	Uncertain significance	1	criteria provided, single submitter	missense_variant	40196628	ENST00000287598	False	G	T	15-40196628-G-T	381	15 40196628 . G T . . .	False	False
15-40196629-G-T	3221331	Uncertain significance	1	criteria provided, single submitter	missense_variant	40196629	ENST00000287598	False	G	T	15-40196629-G-T	381	15 40196629 . G T . . .	False	False
15-40196635-G-T	4600137	Uncertain significance	1	criteria provided, single submitter	missense_variant	40196635	ENST00000287598	False	G	T	15-40196635-G-T	383	15 40196635 . G T . . .	False	False
15-40196636-A-G	999351	Uncertain significance	2	criteria provided, multiple submitters, no conflicts	missense_variant	40196636	ENST00000287598	True	A	G	15-40196636-A-G	384	15 40196636 . A G . . .	False	False
15-40196637-G-A	1734181	Uncertain significance	1	criteria provided, single submitter	missense_variant	40196637	ENST00000287598	False	G	A	15-40196637-G-A	384	15 40196637 . G A . . .	False	False
15-40196637-G-C	2450825	Uncertain significance	1	criteria provided, single submitter	missense_variant	40196637	ENST00000287598	False	G	C	15-40196637-G-C	384	15 40196637 . G C . . .	False	False
15-40196640-A-G	1734848	Uncertain significance	1	criteria provided, single submitter	missense_variant	40196640	ENST00000287598	False	A	G	15-40196640-A-G	385	15 40196640 . A G . . .	False	False
15-40196643-A-G	4216986	Uncertain significance	1	criteria provided, single submitter	missense_variant	40196643	ENST00000287598	False	A	G	15-40196643-A-G	386	15 40196643 . A G . . .	False	False
15-40196646-A-C	3483149	Uncertain significance	1	criteria provided, single submitter	missense_variant	40196646	ENST00000287598	False	A	C	15-40196646-A-C	387	15 40196646 . A C . . .	False	False
15-40196649-C-T	1381297	Uncertain significance	2	criteria provided, multiple submitters, no conflicts	missense_variant	40196649	ENST00000287598	True	C	T	15-40196649-C-T	388	15 40196649 . C T . . .	False	False
15-40196651-T-A	1738134	Uncertain significance	1	criteria provided, single submitter	missense_variant	40196651	ENST00000287598	True	T	A	15-40196651-T-A	389	15 40196651 . T A . . .	False	False
15-40196656-G-C	133782	Benign	2	criteria provided, multiple submitters, no conflicts	missense_variant	40196656	ENST00000287598	True	G	C	15-40196656-G-C	390	15 40196656 . G C . . .	False	True
15-40196658-A-G	3826063	Uncertain significance	1	criteria provided, single submitter	missense_variant	40196658	ENST00000287598	True	A	G	15-40196658-A-G	391	15 40196658 . A G . . .	False	False
15-40196661-A-C	4600171	Uncertain significance	1	criteria provided, single submitter	missense_variant	40196661	ENST00000287598	False	A	C	15-40196661-A-C	392	15 40196661 . A C . . .	False	False
15-40196663-A-G	3221332	Uncertain significance	1	criteria provided, single submitter	missense_variant	40196663	ENST00000287598	True	A	G	15-40196663-A-G	393	15 40196663 . A G . . .	False	False
15-40196670-A-G	1026473	Uncertain significance	1	criteria provided, single submitter	missense_variant	40196670	ENST00000287598	False	A	G	15-40196670-A-G	395	15 40196670 . A G . . .	False	False
15-40196671-G-T	4824232	Uncertain significance	1	criteria provided, single submitter	missense_variant	40196671	ENST00000287598	True	G	T	15-40196671-G-T	395	15 40196671 . G T . . .	False	False
15-40196673-T-A	4826655	Uncertain significance	1	criteria provided, single submitter	missense_variant	40196673	ENST00000287598	True	T	A	15-40196673-T-A	396	15 40196673 . T A . . .	False	False
15-40196673-T-C	642806	Uncertain significance	2	criteria provided, multiple submitters, no conflicts	missense_variant	40196673	ENST00000287598	True	T	C	15-40196673-T-C	396	15 40196673 . T C . . .	False	False
15-40196674-G-A	1744080	Uncertain significance	1	criteria provided, single submitter	missense_variant	40196674	ENST00000287598	False	G	A	15-40196674-G-A	396	15 40196674 . G A . . .	False	False
15-40196675-A-G	4600324	Uncertain significance	1	criteria provided, single submitter	missense_variant	40196675	ENST00000287598	False	A	G	15-40196675-A-G	397	15 40196675 . A G . . .	False	False
15-40196675-A-T	1744248	Uncertain significance	2	criteria provided, multiple submitters, no conflicts	missense_variant	40196675	ENST00000287598	False	A	T	15-40196675-A-T	397	15 40196675 . A T . . .	False	False
15-40196678-T-C	3993735	Uncertain significance	1	criteria provided, single submitter	missense_variant	40196678	ENST00000287598	False	T	C	15-40196678-T-C	398	15 40196678 . T C . . .	False	False
15-40196681-T-C	3993721	Uncertain significance	1	criteria provided, single submitter	missense_variant	40196681	ENST00000287598	False	T	C	15-40196681-T-C	399	15 40196681 . T C . . .	False	False
15-40196682-G-T	1746138	Uncertain significance	1	criteria provided, single submitter	missense_variant	40196682	ENST00000287598	False	G	T	15-40196682-G-T	399	15 40196682 . G T . . .	False	False
15-40196684-A-G	4600659	Uncertain significance	1	criteria provided, single submitter	missense_variant	40196684	ENST00000287598	True	A	G	15-40196684-A-G	400	15 40196684 . A G . . .	False	False
15-40196685-A-G	3221334	Uncertain significance	1	criteria provided, single submitter	missense_variant	40196685	ENST00000287598	False	A	G	15-40196685-A-G	400	15 40196685 . A G . . .	False	False
15-40196688-A-G	1747805	Uncertain significance	1	criteria provided, single submitter	missense_variant	40196688	ENST00000287598	False	A	G	15-40196688-A-G	401	15 40196688 . A G . . .	False	False
15-40196689-G-C	647185	Uncertain significance	1	criteria provided, single submitter	missense_variant	40196689	ENST00000287598	True	G	C	15-40196689-G-C	401	15 40196689 . G C . . .	False	False
15-40196691-A-T	3483244	Uncertain significance	1	criteria provided, single submitter	missense_variant	40196691	ENST00000287598	False	A	T	15-40196691-A-T	402	15 40196691 . A T . . .	False	False
15-40196692-G-T	4826657	Uncertain significance	1	criteria provided, single submitter	missense_variant	40196692	ENST00000287598	False	G	T	15-40196692-G-T	402	15 40196692 . G T . . .	False	False
15-40196693-A-T	3993749	Uncertain significance	1	criteria provided, single submitter	missense_variant	40196693	ENST00000287598	False	A	T	15-40196693-A-T	403	15 40196693 . A T . . .	False	False
15-40196694-T-C	3826136	Uncertain significance	1	criteria provided, single submitter	missense_variant	40196694	ENST00000287598	False	T	C	15-40196694-T-C	403	15 40196694 . T C . . .	False	False
15-40196699-G-A	1750983	Uncertain significance	2	criteria provided, multiple submitters, no conflicts	missense_variant	40196699	ENST00000287598	True	G	A	15-40196699-G-A	405	15 40196699 . G A . . .	False	False
15-40196699-G-T	1037714	Uncertain significance	2	criteria provided, multiple submitters, no conflicts	missense_variant	40196699	ENST00000287598	False	G	T	15-40196699-G-T	405	15 40196699 . G T . . .	False	False
15-40196700-C-G	3221335	Uncertain significance	1	criteria provided, single submitter	missense_variant	40196700	ENST00000287598	True	C	G	15-40196700-C-G	405	15 40196700 . C G . . .	False	False
15-40196700-C-T	2337483	Uncertain significance	1	criteria provided, single submitter	missense_variant	40196700	ENST00000287598	True	C	T	15-40196700-C-T	405	15 40196700 . C T . . .	False	False
15-40196702-G-A	1751759	Uncertain significance	1	criteria provided, single submitter	missense_variant	40196702	ENST00000287598	True	G	A	15-40196702-G-A	406	15 40196702 . G A . . .	False	False
15-40196705-G-A	3826127	Uncertain significance	1	criteria provided, single submitter	missense_variant	40196705	ENST00000287598	True	G	A	15-40196705-G-A	407	15 40196705 . G A . . .	False	False
15-40196706-T-A	3221336	Uncertain significance	1	criteria provided, single submitter	missense_variant	40196706	ENST00000287598	False	T	A	15-40196706-T-A	407	15 40196706 . T A . . .	False	False
15-40196706-T-G	576844	Uncertain significance	2	criteria provided, multiple submitters, no conflicts	missense_variant	40196706	ENST00000287598	True	T	G	15-40196706-T-G	407	15 40196706 . T G . . .	False	False
15-40196709-G-A	1753680	Uncertain significance	1	criteria provided, single submitter	missense_variant	40196709	ENST00000287598	True	G	A	15-40196709-G-A	408	15 40196709 . G A . . .	False	False
15-40196709-G-C	3221337	Uncertain significance	1	criteria provided, single submitter	missense_variant	40196709	ENST00000287598	True	G	C	15-40196709-G-C	408	15 40196709 . G C . . .	False	False
15-40196713-A-C	533899	Uncertain significance	2	criteria provided, multiple submitters, no conflicts	missense_variant	40196713	ENST00000287598	True	A	C	15-40196713-A-C	409	15 40196713 . A C . . .	False	False
15-40196714-T-C	1057526	Uncertain significance	1	criteria provided, single submitter	missense_variant	40196714	ENST00000287598	False	T	C	15-40196714-T-C	410	15 40196714 . T C . . .	False	False
15-40196717-T-C	3826067	Uncertain significance	1	criteria provided, single submitter	missense_variant	40196717	ENST00000287598	False	T	C	15-40196717-T-C	411	15 40196717 . T C . . .	False	False
15-40196718-C-G	133781	not provided	0	no classification provided	missense_variant	40196718	ENST00000287598	False	C	G	15-40196718-C-G	411	15 40196718 . C G . . .	False	False
15-40196718-C-T	3221338	Uncertain significance	2	criteria provided, multiple submitters, no conflicts	missense_variant	40196718	ENST00000287598	True	C	T	15-40196718-C-T	411	15 40196718 . C T . . .	False	False
15-40196724-A-G	3483207	Uncertain significance	1	criteria provided, single submitter	missense_variant	40196724	ENST00000287598	True	A	G	15-40196724-A-G	413	15 40196724 . A G . . .	False	False
15-40196726-G-A	3221339	Uncertain significance	1	criteria provided, single submitter	missense_variant	40196726	ENST00000287598	True	G	A	15-40196726-G-A	414	15 40196726 . G A . . .	False	False
15-40196727-A-G	2565465	Uncertain significance	1	criteria provided, single submitter	missense_variant	40196727	ENST00000287598	False	A	G	15-40196727-A-G	414	15 40196727 . A G . . .	False	False
15-40196729-A-G	1521341	Uncertain significance	1	criteria provided, single submitter	missense_variant	40196729	ENST00000287598	False	A	G	15-40196729-A-G	415	15 40196729 . A G . . .	False	False
15-40196730-T-C	3719834	Uncertain significance	1	criteria provided, single submitter	missense_variant	40196730	ENST00000287598	True	T	C	15-40196730-T-C	415	15 40196730 . T C . . .	False	False
15-40196732-C-T	1004921	Uncertain significance	2	criteria provided, multiple submitters, no conflicts	missense_variant	40196732	ENST00000287598	True	C	T	15-40196732-C-T	416	15 40196732 . C T . . .	False	False
15-40196733-G-A	4710409	Uncertain significance	1	criteria provided, single submitter	missense_variant	40196733	ENST00000287598	True	G	A	15-40196733-G-A	416	15 40196733 . G A . . .	False	False
15-40196733-G-T	848757	Uncertain significance	1	criteria provided, single submitter	missense_variant	40196733	ENST00000287598	True	G	T	15-40196733-G-T	416	15 40196733 . G T . . .	False	False
15-40196735-G-A	4216955	Uncertain significance	1	criteria provided, single submitter	missense_variant	40196735	ENST00000287598	False	G	A	15-40196735-G-A	417	15 40196735 . G A . . .	False	False
15-40196736-C-T	3993719	Uncertain significance	1	criteria provided, single submitter	missense_variant	40196736	ENST00000287598	False	C	T	15-40196736-C-T	417	15 40196736 . C T . . .	False	False
15-40196741-G-T	854316	Uncertain significance	2	criteria provided, multiple submitters, no conflicts	missense_variant	40196741	ENST00000287598	True	G	T	15-40196741-G-T	419	15 40196741 . G T . . .	False	False
15-40196744-T-C	4600235	Uncertain significance	1	criteria provided, single submitter	missense_variant	40196744	ENST00000287598	False	T	C	15-40196744-T-C	420	15 40196744 . T C . . .	False	False
15-40196745-T-C	1367581	Uncertain significance	2	criteria provided, multiple submitters, no conflicts	missense_variant	40196745	ENST00000287598	True	T	C	15-40196745-T-C	420	15 40196745 . T C . . .	False	False
15-40196747-C-T	465359	Conflicting classifications of pathogenicity	1	criteria provided, conflicting classifications	missense_variant	40196747	ENST00000287598	True	C	T	15-40196747-C-T	421	15 40196747 . C T . . .	False	False
15-40196748-G-A	654867	Uncertain significance	2	criteria provided, multiple submitters, no conflicts	missense_variant	40196748	ENST00000287598	True	G	A	15-40196748-G-A	421	15 40196748 . G A . . .	False	False
15-40196748-G-T	2585918	Uncertain significance	1	criteria provided, single submitter	missense_variant	40196748	ENST00000287598	True	G	T	15-40196748-G-T	421	15 40196748 . G T . . .	False	False
15-40196750-A-G	3826103	Uncertain significance	1	criteria provided, single submitter	missense_variant	40196750	ENST00000287598	False	A	G	15-40196750-A-G	422	15 40196750 . A G . . .	False	False
15-40196751-A-G	1763977	Uncertain significance	2	criteria provided, multiple submitters, no conflicts	missense_variant	40196751	ENST00000287598	True	A	G	15-40196751-A-G	422	15 40196751 . A G . . .	False	False
15-40196765-C-G	1767298	Uncertain significance	1	criteria provided, single submitter	missense_variant	40196765	ENST00000287598	False	C	G	15-40196765-C-G	427	15 40196765 . C G . . .	False	False
15-40196766-A-G	1027273	Uncertain significance	1	criteria provided, single submitter	missense_variant	40196766	ENST00000287598	False	A	G	15-40196766-A-G	427	15 40196766 . A G . . .	False	False
15-40196766-A-T	3221341	Uncertain significance	1	criteria provided, single submitter	missense_variant	40196766	ENST00000287598	True	A	T	15-40196766-A-T	427	15 40196766 . A T . . .	False	False
15-40199617-G-A	1379757	Uncertain significance	1	criteria provided, single submitter	missense_variant	40199617	ENST00000287598	True	G	A	15-40199617-G-A	431	15 40199617 . G A . . .	False	False
15-40199619-G-T	3993674	Uncertain significance	1	criteria provided, single submitter	missense_variant	40199619	ENST00000287598	False	G	T	15-40199619-G-T	431	15 40199619 . G T . . .	False	False
15-40199620-C-A	2585907	Uncertain significance	1	criteria provided, single submitter	missense_variant	40199620	ENST00000287598	False	C	A	15-40199620-C-A	432	15 40199620 . C A . . .	False	False
15-40199624-T-C	1769274	Uncertain significance	1	criteria provided, single submitter	missense_variant	40199624	ENST00000287598	False	T	C	15-40199624-T-C	433	15 40199624 . T C . . .	False	False
15-40199625-G-C	1420917	Uncertain significance	2	criteria provided, multiple submitters, no conflicts	missense_variant	40199625	ENST00000287598	True	G	C	15-40199625-G-C	433	15 40199625 . G C . . .	False	False
15-40199630-G-A	1769480	Uncertain significance	1	criteria provided, single submitter	missense_variant	40199630	ENST00000287598	True	G	A	15-40199630-G-A	435	15 40199630 . G A . . .	False	False
15-40199632-G-A	1769528	Uncertain significance	1	criteria provided, single submitter	missense_variant	40199632	ENST00000287598	False	G	A	15-40199632-G-A	436	15 40199632 . G A . . .	False	False
15-40199632-G-T	1769532	Uncertain significance	1	criteria provided, single submitter	missense_variant	40199632	ENST00000287598	False	G	T	15-40199632-G-T	436	15 40199632 . G T . . .	False	False
15-40199633-C-A	3221343	Uncertain significance	1	criteria provided, single submitter	missense_variant	40199633	ENST00000287598	False	C	A	15-40199633-C-A	436	15 40199633 . C A . . .	False	False
15-40199635-G-A	3993746	Uncertain significance	1	criteria provided, single submitter	missense_variant	40199635	ENST00000287598	False	G	A	15-40199635-G-A	437	15 40199635 . G A . . .	False	False
15-40199636-A-G	1993426	Uncertain significance	1	criteria provided, single submitter	missense_variant	40199636	ENST00000287598	True	A	G	15-40199636-A-G	437	15 40199636 . A G . . .	False	False
15-40199642-G-C	2562097	Uncertain significance	1	criteria provided, single submitter	missense_variant	40199642	ENST00000287598	False	G	C	15-40199642-G-C	439	15 40199642 . G C . . .	False	False
15-40199651-T-A	3483205	Uncertain significance	1	criteria provided, single submitter	missense_variant	40199651	ENST00000287598	True	T	A	15-40199651-T-A	442	15 40199651 . T A . . .	False	False
15-40199651-T-C	3221344	Uncertain significance	1	criteria provided, single submitter	missense_variant	40199651	ENST00000287598	False	T	C	15-40199651-T-C	442	15 40199651 . T C . . .	False	False
15-40199652-G-T	3221345	Uncertain significance	1	criteria provided, single submitter	missense_variant	40199652	ENST00000287598	False	G	T	15-40199652-G-T	442	15 40199652 . G T . . .	False	False
15-40199654-A-G	3993686	Uncertain significance	1	criteria provided, single submitter	missense_variant	40199654	ENST00000287598	True	A	G	15-40199654-A-G	443	15 40199654 . A G . . .	False	False
15-40199660-A-C	4600225	Uncertain significance	1	criteria provided, single submitter	missense_variant	40199660	ENST00000287598	True	A	C	15-40199660-A-C	445	15 40199660 . A C . . .	False	False
15-40199671-A-T	2565442	Uncertain significance	1	criteria provided, single submitter	missense_variant	40199671	ENST00000287598	True	A	T	15-40199671-A-T	449	15 40199671 . A T . . .	False	False
15-40199672-T-C	2147101	Uncertain significance	1	criteria provided, single submitter	missense_variant	40199672	ENST00000287598	True	T	C	15-40199672-T-C	449	15 40199672 . T C . . .	False	False
15-40199673-G-A	4216979	Uncertain significance	1	criteria provided, single submitter	missense_variant	40199673	ENST00000287598	False	G	A	15-40199673-G-A	449	15 40199673 . G A . . .	False	False
15-40199674-G-A	2585928	Uncertain significance	1	criteria provided, single submitter	missense_variant	40199674	ENST00000287598	False	G	A	15-40199674-G-A	450	15 40199674 . G A . . .	False	False
15-40199674-G-C	3993741	Uncertain significance	1	criteria provided, single submitter	missense_variant	40199674	ENST00000287598	True	G	C	15-40199674-G-C	450	15 40199674 . G C . . .	False	False
15-40199677-A-G	582101	Uncertain significance	1	criteria provided, single submitter	missense_variant	40199677	ENST00000287598	False	A	G	15-40199677-A-G	451	15 40199677 . A G . . .	False	False
15-40199680-A-C	3262229	Uncertain significance	1	criteria provided, single submitter	missense_variant	40199680	ENST00000287598	False	A	C	15-40199680-A-C	452	15 40199680 . A C . . .	False	False
15-40199683-C-A	1770724	Uncertain significance	1	criteria provided, single submitter	missense_variant	40199683	ENST00000287598	False	C	A	15-40199683-C-A	453	15 40199683 . C A . . .	False	False
15-40199684-T-C	4216930	Uncertain significance	2	criteria provided, multiple submitters, no conflicts	missense_variant	40199684	ENST00000287598	True	T	C	15-40199684-T-C	453	15 40199684 . T C . . .	False	False
15-40199686-A-C	4842706	Uncertain significance	1	criteria provided, single submitter	missense_variant	40199686	ENST00000287598	False	A	C	15-40199686-A-C	454	15 40199686 . A C . . .	False	False
15-40199686-A-G	1770825	Uncertain significance	1	criteria provided, single submitter	missense_variant	40199686	ENST00000287598	False	A	G	15-40199686-A-G	454	15 40199686 . A G . . .	False	False
15-40199687-A-G	533909	Uncertain significance	2	criteria provided, multiple submitters, no conflicts	missense_variant	40199687	ENST00000287598	True	A	G	15-40199687-A-G	454	15 40199687 . A G . . .	False	False
15-40199693-T-C	3483167	Uncertain significance	1	criteria provided, single submitter	missense_variant	40199693	ENST00000287598	False	T	C	15-40199693-T-C	456	15 40199693 . T C . . .	False	False
15-40199693-T-G	3262242	Uncertain significance	1	criteria provided, single submitter	missense_variant	40199693	ENST00000287598	True	T	G	15-40199693-T-G	456	15 40199693 . T G . . .	False	False
15-40199694-C-G	3221347	Uncertain significance	1	criteria provided, single submitter	missense_variant	40199694	ENST00000287598	False	C	G	15-40199694-C-G	456	15 40199694 . C G . . .	False	False
15-40199696-A-C	1771025	Uncertain significance	1	criteria provided, single submitter	missense_variant	40199696	ENST00000287598	False	A	C	15-40199696-A-C	457	15 40199696 . A C . . .	False	False
15-40199697-A-C	3826126	Uncertain significance	1	criteria provided, single submitter	missense_variant	40199697	ENST00000287598	True	A	C	15-40199697-A-C	457	15 40199697 . A C . . .	False	False
15-40199699-C-G	2756005	Uncertain significance	1	criteria provided, single submitter	missense_variant	40199699	ENST00000287598	False	C	G	15-40199699-C-G	458	15 40199699 . C G . . .	False	False
15-40199699-C-T	1771095	Uncertain significance	2	criteria provided, multiple submitters, no conflicts	missense_variant	40199699	ENST00000287598	True	C	T	15-40199699-C-T	458	15 40199699 . C T . . .	False	False
15-40199701-A-C	1805986	Uncertain significance	1	criteria provided, single submitter	missense_variant	40199701	ENST00000287598	False	A	C	15-40199701-A-C	459	15 40199701 . A C . . .	False	False
15-40199701-A-G	1771130	Uncertain significance	1	criteria provided, single submitter	missense_variant	40199701	ENST00000287598	True	A	G	15-40199701-A-G	459	15 40199701 . A G . . .	False	False
15-40199702-C-T	1771169	Uncertain significance	1	criteria provided, single submitter	missense_variant	40199702	ENST00000287598	True	C	T	15-40199702-C-T	459	15 40199702 . C T . . .	False	False
15-40199706-G-T	1771283	Uncertain significance	1	criteria provided, single submitter	missense_variant	40199706	ENST00000287598	True	G	T	15-40199706-G-T	460	15 40199706 . G T . . .	False	False
15-40199708-A-C	403743	Uncertain significance	2	criteria provided, multiple submitters, no conflicts	missense_variant	40199708	ENST00000287598	True	A	C	15-40199708-A-C	461	15 40199708 . A C . . .	False	False
15-40199710-G-C	2497653	Uncertain significance	1	criteria provided, single submitter	missense_variant	40199710	ENST00000287598	True	G	C	15-40199710-G-C	462	15 40199710 . G C . . .	False	False
15-40199716-A-G	1771537	Likely benign	1	criteria provided, single submitter	missense_variant	40199716	ENST00000287598	False	A	G	15-40199716-A-G	464	15 40199716 . A G . . .	False	True
15-40199716-A-T	3993743	Uncertain significance	1	criteria provided, single submitter	missense_variant	40199716	ENST00000287598	True	A	T	15-40199716-A-T	464	15 40199716 . A T . . .	False	False
15-40199717-C-G	1771559	Uncertain significance	1	criteria provided, single submitter	missense_variant	40199717	ENST00000287598	True	C	G	15-40199717-C-G	464	15 40199717 . C G . . .	False	False
15-40199717-C-T	1038745	Uncertain significance	2	criteria provided, multiple submitters, no conflicts	missense_variant	40199717	ENST00000287598	True	C	T	15-40199717-C-T	464	15 40199717 . C T . . .	False	False
15-40199719-G-A	3993740	Uncertain significance	1	criteria provided, single submitter	missense_variant	40199719	ENST00000287598	False	G	A	15-40199719-G-A	465	15 40199719 . G A . . .	False	False
15-40199719-G-C	848822	Uncertain significance	2	criteria provided, multiple submitters, no conflicts	missense_variant	40199719	ENST00000287598	True	G	C	15-40199719-G-C	465	15 40199719 . G C . . .	False	False
15-40199720-G-A	1771601	Uncertain significance	1	criteria provided, single submitter	missense_variant	40199720	ENST00000287598	False	G	A	15-40199720-G-A	465	15 40199720 . G A . . .	False	False
15-40199722-G-C	3993747	Uncertain significance	1	criteria provided, single submitter	missense_variant	40199722	ENST00000287598	False	G	C	15-40199722-G-C	466	15 40199722 . G C . . .	False	False
15-40199723-A-C	133765	Uncertain significance	2	criteria provided, multiple submitters, no conflicts	missense_variant	40199723	ENST00000287598	True	A	C	15-40199723-A-C	466	15 40199723 . A C . . .	False	False
15-40199724-T-A	3262193	Uncertain significance	1	criteria provided, single submitter	missense_variant	40199724	ENST00000287598	False	T	A	15-40199724-T-A	466	15 40199724 . T A . . .	False	False
15-40199726-A-G	2144867	Uncertain significance	1	criteria provided, single submitter	missense_variant	40199726	ENST00000287598	True	A	G	15-40199726-A-G	467	15 40199726 . A G . . .	False	False
15-40199727-G-T	2503511	Likely pathogenic	1	criteria provided, single submitter	missense_variant	40199727	ENST00000287598	False	G	T	15-40199727-G-T	467	15 40199727 . G T . . .	False	False
15-40200247-G-A	4216947	Uncertain significance	1	criteria provided, single submitter	missense_variant	40200247	ENST00000287598	True	G	A	15-40200247-G-A	469	15 40200247 . G A . . .	False	False
15-40200250-G-A	1771957	Uncertain significance	1	criteria provided, single submitter	missense_variant	40200250	ENST00000287598	True	G	A	15-40200250-G-A	470	15 40200250 . G A . . .	False	False
15-40200253-A-G	2450833	Uncertain significance	1	criteria provided, single submitter	missense_variant	40200253	ENST00000287598	False	A	G	15-40200253-A-G	471	15 40200253 . A G . . .	False	False
15-40200253-A-T	1772043	Uncertain significance	1	criteria provided, single submitter	missense_variant	40200253	ENST00000287598	True	A	T	15-40200253-A-T	471	15 40200253 . A T . . .	False	False
15-40200254-C-A	3826131	Likely benign	1	criteria provided, single submitter	missense_variant	40200254	ENST00000287598	False	C	A	15-40200254-C-A	471	15 40200254 . C A . . .	False	True
15-40200254-C-T	652485	Conflicting classifications of pathogenicity	1	criteria provided, conflicting classifications	missense_variant	40200254	ENST00000287598	True	C	T	15-40200254-C-T	471	15 40200254 . C T . . .	False	False
15-40200256-A-C	953649	Uncertain significance	2	criteria provided, multiple submitters, no conflicts	missense_variant	40200256	ENST00000287598	True	A	C	15-40200256-A-C	472	15 40200256 . A C . . .	False	False
15-40200256-A-G	3993739	Uncertain significance	1	criteria provided, single submitter	missense_variant	40200256	ENST00000287598	True	A	G	15-40200256-A-G	472	15 40200256 . A G . . .	False	False
15-40200257-T-C	1772121	Uncertain significance	1	criteria provided, single submitter	missense_variant	40200257	ENST00000287598	True	T	C	15-40200257-T-C	472	15 40200257 . T C . . .	False	False
15-40200258-G-A	3483206	Uncertain significance	1	criteria provided, single submitter	missense_variant	40200258	ENST00000287598	True	G	A	15-40200258-G-A	472	15 40200258 . G A . . .	False	False
15-40200259-C-G	2450804	Uncertain significance	1	criteria provided, single submitter	missense_variant	40200259	ENST00000287598	True	C	G	15-40200259-C-G	473	15 40200259 . C G . . .	False	False
15-40200262-A-G	3221348	Uncertain significance	1	criteria provided, single submitter	missense_variant	40200262	ENST00000287598	True	A	G	15-40200262-A-G	474	15 40200262 . A G . . .	False	False
15-40200263-C-G	3826097	Uncertain significance	1	criteria provided, single submitter	missense_variant	40200263	ENST00000287598	False	C	G	15-40200263-C-G	474	15 40200263 . C G . . .	False	False
15-40200263-C-T	1772269	Uncertain significance	1	criteria provided, single submitter	missense_variant	40200263	ENST00000287598	True	C	T	15-40200263-C-T	474	15 40200263 . C T . . .	False	False
15-40200265-A-G	4600284	Uncertain significance	1	criteria provided, single submitter	missense_variant	40200265	ENST00000287598	False	A	G	15-40200265-A-G	475	15 40200265 . A G . . .	False	False
15-40200271-A-G	2585920	Uncertain significance	1	criteria provided, single submitter	missense_variant	40200271	ENST00000287598	False	A	G	15-40200271-A-G	477	15 40200271 . A G . . .	False	False
15-40200272-C-G	2565478	Uncertain significance	1	criteria provided, single submitter	missense_variant	40200272	ENST00000287598	False	C	G	15-40200272-C-G	477	15 40200272 . C G . . .	False	False
15-40200274-A-C	3483232	Uncertain significance	1	criteria provided, single submitter	missense_variant	40200274	ENST00000287598	True	A	C	15-40200274-A-C	478	15 40200274 . A C . . .	False	False
15-40200274-A-T	2585937	Uncertain significance	1	criteria provided, single submitter	missense_variant	40200274	ENST00000287598	False	A	T	15-40200274-A-T	478	15 40200274 . A T . . .	False	False
15-40200275-C-G	1772550	Uncertain significance	1	criteria provided, single submitter	missense_variant	40200275	ENST00000287598	True	C	G	15-40200275-C-G	478	15 40200275 . C G . . .	False	False
15-40200278-A-C	1772618	Uncertain significance	1	criteria provided, single submitter	missense_variant	40200278	ENST00000287598	False	A	C	15-40200278-A-C	479	15 40200278 . A C . . .	False	False
15-40200281-T-C	3993738	Uncertain significance	1	criteria provided, single submitter	missense_variant	40200281	ENST00000287598	False	T	C	15-40200281-T-C	480	15 40200281 . T C . . .	False	False
15-40200284-A-C	403746	Uncertain significance	1	criteria provided, single submitter	missense_variant	40200284	ENST00000287598	True	A	C	15-40200284-A-C	481	15 40200284 . A C . . .	False	False
15-40200284-A-G	3135599	Likely benign	1	criteria provided, single submitter	missense_variant	40200284	ENST00000287598	False	A	G	15-40200284-A-G	481	15 40200284 . A G . . .	False	True
15-40200286-A-G	848525	Uncertain significance	1	criteria provided, single submitter	missense_variant	40200286	ENST00000287598	True	A	G	15-40200286-A-G	482	15 40200286 . A G . . .	False	False
15-40200289-G-C	1772825	Uncertain significance	1	criteria provided, single submitter	missense_variant	40200289	ENST00000287598	False	G	C	15-40200289-G-C	483	15 40200289 . G C . . .	False	False
15-40200293-C-G	533910	Uncertain significance	2	criteria provided, multiple submitters, no conflicts	missense_variant	40200293	ENST00000287598	True	C	G	15-40200293-C-G	484	15 40200293 . C G . . .	False	False
15-40200295-G-A	403748	Uncertain significance	2	criteria provided, multiple submitters, no conflicts	missense_variant	40200295	ENST00000287598	True	G	A	15-40200295-G-A	485	15 40200295 . G A . . .	False	False
15-40200295-G-C	1773005	Uncertain significance	1	criteria provided, single submitter	missense_variant	40200295	ENST00000287598	True	G	C	15-40200295-G-C	485	15 40200295 . G C . . .	False	False
15-40200296-A-C	650060	Uncertain significance	2	criteria provided, multiple submitters, no conflicts	missense_variant	40200296	ENST00000287598	False	A	C	15-40200296-A-C	485	15 40200296 . A C . . .	False	False
15-40200299-C-A	1773074	Uncertain significance	1	criteria provided, single submitter	missense_variant	40200299	ENST00000287598	False	C	A	15-40200299-C-A	486	15 40200299 . C A . . .	False	False
15-40200299-C-G	3626939	Uncertain significance	1	criteria provided, single submitter	missense_variant	40200299	ENST00000287598	False	C	G	15-40200299-C-G	486	15 40200299 . C G . . .	False	False
15-40200306-A-T	133766	Uncertain significance	2	criteria provided, multiple submitters, no conflicts	missense_variant	40200306	ENST00000287598	True	A	T	15-40200306-A-T	488	15 40200306 . A T . . .	False	False
15-40200308-T-C	2585911	Uncertain significance	1	criteria provided, single submitter	missense_variant	40200308	ENST00000287598	True	T	C	15-40200308-T-C	489	15 40200308 . T C . . .	False	False
15-40200309-A-G	1773269	Conflicting classifications of pathogenicity	1	criteria provided, conflicting classifications	missense_variant	40200309	ENST00000287598	True	A	G	15-40200309-A-G	489	15 40200309 . A G . . .	False	False
15-40200310-C-G	3221349	Uncertain significance	1	criteria provided, single submitter	missense_variant	40200310	ENST00000287598	False	C	G	15-40200310-C-G	490	15 40200310 . C G . . .	False	False
15-40200313-G-A	1773368	Uncertain significance	1	criteria provided, single submitter	missense_variant	40200313	ENST00000287598	False	G	A	15-40200313-G-A	491	15 40200313 . G A . . .	False	False
15-40200319-A-G	4599690	Likely benign	1	criteria provided, single submitter	missense_variant	40200319	ENST00000287598	False	A	G	15-40200319-A-G	493	15 40200319 . A G . . .	False	True
15-40200320-C-G	1773492	Uncertain significance	1	criteria provided, single submitter	missense_variant	40200320	ENST00000287598	False	C	G	15-40200320-C-G	493	15 40200320 . C G . . .	False	False
15-40200320-C-T	133767	Uncertain significance	2	criteria provided, multiple submitters, no conflicts	missense_variant	40200320	ENST00000287598	True	C	T	15-40200320-C-T	493	15 40200320 . C T . . .	False	False
15-40200323-T-C	4082864	Uncertain significance	1	criteria provided, single submitter	missense_variant	40200323	ENST00000287598	False	T	C	15-40200323-T-C	494	15 40200323 . T C . . .	False	False
15-40200328-A-G	1773668	Uncertain significance	1	criteria provided, single submitter	missense_variant	40200328	ENST00000287598	False	A	G	15-40200328-A-G	496	15 40200328 . A G . . .	False	False
15-40200332-C-T	1773770	Uncertain significance	1	criteria provided, single submitter	missense_variant	40200332	ENST00000287598	True	C	T	15-40200332-C-T	497	15 40200332 . C T . . .	False	False
15-40200334-G-T	1773818	Uncertain significance	1	criteria provided, single submitter	missense_variant	40200334	ENST00000287598	True	G	T	15-40200334-G-T	498	15 40200334 . G T . . .	False	False
15-40200334-GT-TA	998843	Uncertain significance	2	criteria provided, multiple submitters, no conflicts	missense_variant	40200334	ENST00000287598	False	GT	TA	15-40200334-GT-TA	498	15 40200334 . GT TA . . .	False	False
15-40200335-T-A	1773837	Uncertain significance	1	criteria provided, single submitter	missense_variant	40200335	ENST00000287598	True	T	A	15-40200335-T-A	498	15 40200335 . T A . . .	False	False
15-40200337-T-G	3483144	Uncertain significance	1	criteria provided, single submitter	missense_variant	40200337	ENST00000287598	True	T	G	15-40200337-T-G	499	15 40200337 . T G . . .	False	False
15-40200338-G-A	3826093	Uncertain significance	1	criteria provided, single submitter	missense_variant	40200338	ENST00000287598	False	G	A	15-40200338-G-A	499	15 40200338 . G A . . .	False	False
15-40200341-A-G	3826084	Likely benign	1	criteria provided, single submitter	missense_variant	40200341	ENST00000287598	False	A	G	15-40200341-A-G	500	15 40200341 . A G . . .	False	True
15-40200343-G-A	4824231	Uncertain significance	1	criteria provided, single submitter	missense_variant	40200343	ENST00000287598	False	G	A	15-40200343-G-A	501	15 40200343 . G A . . .	False	False
15-40200350-G-A	942278	Uncertain significance	2	criteria provided, multiple submitters, no conflicts	missense_variant	40200350	ENST00000287598	True	G	A	15-40200350-G-A	503	15 40200350 . G A . . .	False	False
15-40200350-G-T	4600182	Uncertain significance	1	criteria provided, single submitter	missense_variant	40200350	ENST00000287598	True	G	T	15-40200350-G-T	503	15 40200350 . G T . . .	False	False
15-40200354-T-G	2891057	Uncertain significance	2	criteria provided, multiple submitters, no conflicts	missense_variant	40200354	ENST00000287598	True	T	G	15-40200354-T-G	504	15 40200354 . T G . . .	False	False
15-40200355-G-A	1016392	Uncertain significance	2	criteria provided, multiple submitters, no conflicts	missense_variant	40200355	ENST00000287598	True	G	A	15-40200355-G-A	505	15 40200355 . G A . . .	False	False
15-40200356-C-G	3483138	Uncertain significance	1	criteria provided, single submitter	missense_variant	40200356	ENST00000287598	False	C	G	15-40200356-C-G	505	15 40200356 . C G . . .	False	False
15-40200359-G-A	1421882	Uncertain significance	1	criteria provided, single submitter	missense_variant	40200359	ENST00000287598	False	G	A	15-40200359-G-A	506	15 40200359 . G A . . .	False	False
15-40200932-G-A	1774375	Uncertain significance	2	criteria provided, multiple submitters, no conflicts	missense_variant	40200932	ENST00000287598	True	G	A	15-40200932-G-A	507	15 40200932 . G A . . .	False	False
15-40200933-A-G	1319272	Uncertain significance	2	criteria provided, multiple submitters, no conflicts	missense_variant	40200933	ENST00000287598	True	A	G	15-40200933-A-G	507	15 40200933 . A G . . .	False	False
15-40200941-C-T	3826086	Uncertain significance	1	criteria provided, single submitter	missense_variant	40200941	ENST00000287598	True	C	T	15-40200941-C-T	510	15 40200941 . C T . . .	False	False
15-40200944-G-A	3221352	Uncertain significance	1	criteria provided, single submitter	missense_variant	40200944	ENST00000287598	False	G	A	15-40200944-G-A	511	15 40200944 . G A . . .	False	False
15-40200945-C-G	1774651	Uncertain significance	1	criteria provided, single submitter	missense_variant	40200945	ENST00000287598	True	C	G	15-40200945-C-G	511	15 40200945 . C G . . .	False	False
15-40200945-C-T	864290	Uncertain significance	2	criteria provided, multiple submitters, no conflicts	missense_variant	40200945	ENST00000287598	True	C	T	15-40200945-C-T	511	15 40200945 . C T . . .	False	False
15-40200948-A-G	1061723	Uncertain significance	1	criteria provided, single submitter	missense_variant	40200948	ENST00000287598	True	A	G	15-40200948-A-G	512	15 40200948 . A G . . .	False	False
15-40200951-A-G	3021516	Uncertain significance	2	criteria provided, multiple submitters, no conflicts	missense_variant	40200951	ENST00000287598	True	A	G	15-40200951-A-G	513	15 40200951 . A G . . .	False	False
15-40200953-A-G	4745521	Uncertain significance	1	criteria provided, single submitter	missense_variant	40200953	ENST00000287598	True	A	G	15-40200953-A-G	514	15 40200953 . A G . . .	False	False
15-40200953-A-T	3631373	Uncertain significance	1	criteria provided, single submitter	missense_variant	40200953	ENST00000287598	True	A	T	15-40200953-A-T	514	15 40200953 . A T . . .	False	False
15-40200955-T-G	2700045	Uncertain significance	1	criteria provided, single submitter	missense_variant	40200955	ENST00000287598	False	T	G	15-40200955-T-G	514	15 40200955 . T G . . .	False	False
15-40200958-G-T	2450813	Uncertain significance	1	criteria provided, single submitter	missense_variant	40200958	ENST00000287598	True	G	T	15-40200958-G-T	515	15 40200958 . G T . . .	False	False
15-40200959-C-G	1414212	Uncertain significance	2	criteria provided, multiple submitters, no conflicts	missense_variant	40200959	ENST00000287598	True	C	G	15-40200959-C-G	516	15 40200959 . C G . . .	False	False
15-40200962-G-A	2450816	Uncertain significance	1	criteria provided, single submitter	missense_variant	40200962	ENST00000287598	True	G	A	15-40200962-G-A	517	15 40200962 . G A . . .	False	False
15-40200964-A-T	2585926	Uncertain significance	1	criteria provided, single submitter	missense_variant	40200964	ENST00000287598	False	A	T	15-40200964-A-T	517	15 40200964 . A T . . .	False	False
15-40200966-A-G	1775098	Uncertain significance	1	criteria provided, single submitter	missense_variant	40200966	ENST00000287598	False	A	G	15-40200966-A-G	518	15 40200966 . A G . . .	False	False
15-40200968-C-A	2462408	Uncertain significance	1	criteria provided, single submitter	missense_variant	40200968	ENST00000287598	True	C	A	15-40200968-C-A	519	15 40200968 . C A . . .	False	False
15-40200969-C-G	2565456	Uncertain significance	1	criteria provided, single submitter	missense_variant	40200969	ENST00000287598	False	C	G	15-40200969-C-G	519	15 40200969 . C G . . .	False	False
15-40200974-T-C	3993701	Uncertain significance	1	criteria provided, single submitter	missense_variant	40200974	ENST00000287598	False	T	C	15-40200974-T-C	521	15 40200974 . T C . . .	False	False
15-40200975-C-G	3826090	Uncertain significance	1	criteria provided, single submitter	missense_variant	40200975	ENST00000287598	True	C	G	15-40200975-C-G	521	15 40200975 . C G . . .	False	False
15-40200975-C-T	3993692	Uncertain significance	1	criteria provided, single submitter	missense_variant	40200975	ENST00000287598	False	C	T	15-40200975-C-T	521	15 40200975 . C T . . .	False	False
15-40200977-A-G	4600000	Uncertain significance	1	criteria provided, single submitter	missense_variant	40200977	ENST00000287598	False	A	G	15-40200977-A-G	522	15 40200977 . A G . . .	False	False
15-40202405-G-A	3826069	Uncertain significance	1	criteria provided, single submitter	missense_variant	40202405	ENST00000287598	True	G	A	15-40202405-G-A	523	15 40202405 . G A . . .	False	False
15-40202405-G-T	2841669	Uncertain significance	1	criteria provided, single submitter	missense_variant	40202405	ENST00000287598	False	G	T	15-40202405-G-T	523	15 40202405 . G T . . .	False	False
15-40202411-G-A	1775556	Uncertain significance	1	criteria provided, single submitter	missense_variant	40202411	ENST00000287598	False	G	A	15-40202411-G-A	525	15 40202411 . G A . . .	False	False
15-40202413-G-A	4599934	Likely benign	1	criteria provided, single submitter	missense_variant	40202413	ENST00000287598	True	G	A	15-40202413-G-A	526	15 40202413 . G A . . .	False	True
15-40202416-C-T	1775636	Uncertain significance	1	criteria provided, single submitter	missense_variant	40202416	ENST00000287598	False	C	T	15-40202416-C-T	527	15 40202416 . C T . . .	False	False
15-40202420-T-C	1775758	Uncertain significance	1	criteria provided, single submitter	missense_variant	40202420	ENST00000287598	False	T	C	15-40202420-T-C	528	15 40202420 . T C . . .	False	False
15-40202423-C-G	3725238	Uncertain significance	1	criteria provided, single submitter	missense_variant	40202423	ENST00000287598	True	C	G	15-40202423-C-G	529	15 40202423 . C G . . .	False	False
15-40202425-A-T	2565451	Uncertain significance	1	criteria provided, single submitter	missense_variant	40202425	ENST00000287598	False	A	T	15-40202425-A-T	530	15 40202425 . A T . . .	False	False
15-40202427-T-G	1775920	Uncertain significance	2	criteria provided, multiple submitters, no conflicts	missense_variant	40202427	ENST00000287598	True	T	G	15-40202427-T-G	530	15 40202427 . T G . . .	False	False
15-40202431-G-T	4600679	Uncertain significance	1	criteria provided, single submitter	missense_variant	40202431	ENST00000287598	False	G	T	15-40202431-G-T	532	15 40202431 . G T . . .	False	False
15-40202435-A-G	1776037	Uncertain significance	1	criteria provided, single submitter	missense_variant	40202435	ENST00000287598	False	A	G	15-40202435-A-G	533	15 40202435 . A G . . .	False	False
15-40202437-T-A	1776176	Uncertain significance	1	criteria provided, single submitter	missense_variant	40202437	ENST00000287598	False	T	A	15-40202437-T-A	534	15 40202437 . T A . . .	False	False
15-40202438-T-G	2565461	Uncertain significance	1	criteria provided, single submitter	missense_variant	40202438	ENST00000287598	False	T	G	15-40202438-T-G	534	15 40202438 . T G . . .	False	False
15-40202439-T-G	2136974	Uncertain significance	2	criteria provided, multiple submitters, no conflicts	missense_variant	40202439	ENST00000287598	True	T	G	15-40202439-T-G	534	15 40202439 . T G . . .	False	False
15-40202446-T-C	4600457	Uncertain significance	1	criteria provided, single submitter	missense_variant	40202446	ENST00000287598	False	T	C	15-40202446-T-C	537	15 40202446 . T C . . .	False	False
15-40202449-G-A	4842713	Uncertain significance	1	criteria provided, single submitter	missense_variant	40202449	ENST00000287598	False	G	A	15-40202449-G-A	538	15 40202449 . G A . . .	False	False
15-40202450-A-G	4781696	Uncertain significance	1	criteria provided, single submitter	missense_variant	40202450	ENST00000287598	False	A	G	15-40202450-A-G	538	15 40202450 . A G . . .	False	False
15-40202457-G-T	1776606	Uncertain significance	1	criteria provided, single submitter	missense_variant	40202457	ENST00000287598	False	G	T	15-40202457-G-T	540	15 40202457 . G T . . .	False	False
15-40202459-A-G	4600267	Uncertain significance	1	criteria provided, single submitter	missense_variant	40202459	ENST00000287598	False	A	G	15-40202459-A-G	541	15 40202459 . A G . . .	False	False
15-40202461-A-G	1443798	Uncertain significance	2	criteria provided, multiple submitters, no conflicts	missense_variant	40202461	ENST00000287598	True	A	G	15-40202461-A-G	542	15 40202461 . A G . . .	False	False
15-40202464-A-G	3262281	Uncertain significance	1	criteria provided, single submitter	missense_variant	40202464	ENST00000287598	False	A	G	15-40202464-A-G	543	15 40202464 . A G . . .	False	False
15-40202590-C-T	238662	Uncertain significance	2	criteria provided, multiple submitters, no conflicts	missense_variant	40202590	ENST00000287598	True	C	T	15-40202590-C-T	544	15 40202590 . C T . . .	False	False
15-40202596-G-A	3577085	Uncertain significance	1	criteria provided, single submitter	missense_variant	40202596	ENST00000287598	True	G	A	15-40202596-G-A	546	15 40202596 . G A . . .	False	False
15-40202597-C-T	2145044	Uncertain significance	2	criteria provided, multiple submitters, no conflicts	missense_variant	40202597	ENST00000287598	True	C	T	15-40202597-C-T	546	15 40202597 . C T . . .	False	False
15-40202602-C-T	938881	Uncertain significance	2	criteria provided, multiple submitters, no conflicts	missense_variant	40202602	ENST00000287598	True	C	T	15-40202602-C-T	548	15 40202602 . C T . . .	False	False
15-40202608-C-G	3483209	Uncertain significance	1	criteria provided, single submitter	missense_variant	40202608	ENST00000287598	False	C	G	15-40202608-C-G	550	15 40202608 . C G . . .	False	False
15-40202609-G-A	6766	Benign/Likely benign	2	criteria provided, multiple submitters, no conflicts	missense_variant	40202609	ENST00000287598	True	G	A	15-40202609-G-A	550	15 40202609 . G A . . .	False	True
15-40202612-T-G	1002550	Uncertain significance	2	criteria provided, multiple submitters, no conflicts	missense_variant	40202612	ENST00000287598	True	T	G	15-40202612-T-G	551	15 40202612 . T G . . .	False	False
15-40202617-G-A	2565437	Likely benign	1	criteria provided, single submitter	missense_variant	40202617	ENST00000287598	False	G	A	15-40202617-G-A	553	15 40202617 . G A . . .	False	True
15-40202618-C-T	3483213	Uncertain significance	1	criteria provided, single submitter	missense_variant	40202618	ENST00000287598	False	C	T	15-40202618-C-T	553	15 40202618 . C T . . .	False	False
15-40202624-G-A	1777550	Uncertain significance	1	criteria provided, single submitter	missense_variant	40202624	ENST00000287598	True	G	A	15-40202624-G-A	555	15 40202624 . G A . . .	False	False
15-40202624-G-C	1931482	Uncertain significance	2	criteria provided, multiple submitters, no conflicts	missense_variant	40202624	ENST00000287598	False	G	C	15-40202624-G-C	555	15 40202624 . G C . . .	False	False
15-40202627-G-A	3483247	Uncertain significance	1	criteria provided, single submitter	missense_variant	40202627	ENST00000287598	True	G	A	15-40202627-G-A	556	15 40202627 . G A . . .	False	False
15-40202630-C-G	1503269	Uncertain significance	2	criteria provided, multiple submitters, no conflicts	missense_variant	40202630	ENST00000287598	False	C	G	15-40202630-C-G	557	15 40202630 . C G . . .	False	False
15-40202630-C-T	3221356	Uncertain significance	1	criteria provided, single submitter	missense_variant	40202630	ENST00000287598	True	C	T	15-40202630-C-T	557	15 40202630 . C T . . .	False	False
15-40202633-T-A	3993753	Uncertain significance	1	criteria provided, single submitter	missense_variant	40202633	ENST00000287598	False	T	A	15-40202633-T-A	558	15 40202633 . T A . . .	False	False
15-40202635-G-A	3221357	Uncertain significance	1	criteria provided, single submitter	missense_variant	40202635	ENST00000287598	True	G	A	15-40202635-G-A	559	15 40202635 . G A . . .	False	False
15-40202636-C-T	2624688	Uncertain significance	1	criteria provided, single submitter	missense_variant	40202636	ENST00000287598	True	C	T	15-40202636-C-T	559	15 40202636 . C T . . .	False	False
15-40202638-G-A	1440986	Conflicting classifications of pathogenicity	1	criteria provided, conflicting classifications	missense_variant	40202638	ENST00000287598	True	G	A	15-40202638-G-A	560	15 40202638 . G A . . .	False	False
15-40202641-C-T	3993690	Uncertain significance	1	criteria provided, single submitter	missense_variant	40202641	ENST00000287598	False	C	T	15-40202641-C-T	561	15 40202641 . C T . . .	False	False
15-40202642-T-C	2826244	Uncertain significance	1	criteria provided, single submitter	missense_variant	40202642	ENST00000287598	False	T	C	15-40202642-T-C	561	15 40202642 . T C . . .	False	False
15-40202645-A-G	1010703	Uncertain significance	1	criteria provided, single submitter	missense_variant	40202645	ENST00000287598	False	A	G	15-40202645-A-G	562	15 40202645 . A G . . .	False	False
15-40202648-C-A	1778053	Uncertain significance	2	criteria provided, multiple submitters, no conflicts	missense_variant	40202648	ENST00000287598	False	C	A	15-40202648-C-A	563	15 40202648 . C A . . .	False	False
15-40202650-T-A	943720	Uncertain significance	2	criteria provided, multiple submitters, no conflicts	missense_variant	40202650	ENST00000287598	False	T	A	15-40202650-T-A	564	15 40202650 . T A . . .	False	False
15-40202651-C-T	3262237	Uncertain significance	1	criteria provided, single submitter	missense_variant	40202651	ENST00000287598	False	C	T	15-40202651-C-T	564	15 40202651 . C T . . .	False	False
15-40202653-G-A	1778184	Uncertain significance	2	criteria provided, multiple submitters, no conflicts	missense_variant	40202653	ENST00000287598	True	G	A	15-40202653-G-A	565	15 40202653 . G A . . .	False	False
15-40202653-G-C	1447786	Uncertain significance	1	criteria provided, single submitter	missense_variant	40202653	ENST00000287598	True	G	C	15-40202653-G-C	565	15 40202653 . G C . . .	False	False
15-40202654-A-G	1778194	Uncertain significance	1	criteria provided, single submitter	missense_variant	40202654	ENST00000287598	True	A	G	15-40202654-A-G	565	15 40202654 . A G . . .	False	False
15-40202657-G-A	3826089	Uncertain significance	1	criteria provided, single submitter	missense_variant	40202657	ENST00000287598	True	G	A	15-40202657-G-A	566	15 40202657 . G A . . .	False	False
15-40202659-A-G	2624685	Uncertain significance	1	criteria provided, single submitter	missense_variant	40202659	ENST00000287598	True	A	G	15-40202659-A-G	567	15 40202659 . A G . . .	False	False
15-40202660-T-C	1778350	Uncertain significance	1	criteria provided, single submitter	missense_variant	40202660	ENST00000287598	True	T	C	15-40202660-T-C	567	15 40202660 . T C . . .	False	False
15-40202665-T-C	1778442	Uncertain significance	2	criteria provided, multiple submitters, no conflicts	missense_variant	40202665	ENST00000287598	True	T	C	15-40202665-T-C	569	15 40202665 . T C . . .	False	False
15-40202665-T-G	1778444	Uncertain significance	1	criteria provided, single submitter	missense_variant	40202665	ENST00000287598	False	T	G	15-40202665-T-G	569	15 40202665 . T G . . .	False	False
15-40202666-C-T	936230	Uncertain significance	2	criteria provided, multiple submitters, no conflicts	missense_variant	40202666	ENST00000287598	True	C	T	15-40202666-C-T	569	15 40202666 . C T . . .	False	False
15-40202669-A-G	4600504	Uncertain significance	1	criteria provided, single submitter	missense_variant	40202669	ENST00000287598	False	A	G	15-40202669-A-G	570	15 40202669 . A G . . .	False	False
15-40202670-T-G	1778565	Uncertain significance	1	criteria provided, single submitter	missense_variant	40202670	ENST00000287598	False	T	G	15-40202670-T-G	570	15 40202670 . T G . . .	False	False
15-40202672-A-C	4056250	Uncertain significance	1	criteria provided, single submitter	missense_variant	40202672	ENST00000287598	False	A	C	15-40202672-A-C	571	15 40202672 . A C . . .	False	False
15-40202673-A-C	3993718	Uncertain significance	1	criteria provided, single submitter	missense_variant	40202673	ENST00000287598	True	A	C	15-40202673-A-C	571	15 40202673 . A C . . .	False	False
15-40202676-T-A	1778638	Uncertain significance	1	criteria provided, single submitter	missense_variant	40202676	ENST00000287598	False	T	A	15-40202676-T-A	572	15 40202676 . T A . . .	False	False
15-40202677-G-A	2565444	Uncertain significance	1	criteria provided, single submitter	missense_variant	40202677	ENST00000287598	False	G	A	15-40202677-G-A	573	15 40202677 . G A . . .	False	False
15-40202677-G-C	1498314	Uncertain significance	2	criteria provided, multiple submitters, no conflicts	missense_variant	40202677	ENST00000287598	True	G	C	15-40202677-G-C	573	15 40202677 . G C . . .	False	False
15-40202678-T-G	1778676	Uncertain significance	1	criteria provided, single submitter	missense_variant	40202678	ENST00000287598	True	T	G	15-40202678-T-G	573	15 40202678 . T G . . .	False	False
15-40202681-C-T	2462577	Uncertain significance	1	criteria provided, single submitter	missense_variant	40202681	ENST00000287598	True	C	T	15-40202681-C-T	574	15 40202681 . C T . . .	False	False
15-40202683-C-T	3826125	Uncertain significance	1	criteria provided, single submitter	missense_variant	40202683	ENST00000287598	True	C	T	15-40202683-C-T	575	15 40202683 . C T . . .	False	False
15-40202687-A-G	1778876	Uncertain significance	1	criteria provided, single submitter	missense_variant	40202687	ENST00000287598	False	A	G	15-40202687-A-G	576	15 40202687 . A G . . .	False	False
15-40202690-T-C	1778976	Uncertain significance	1	criteria provided, single submitter	missense_variant	40202690	ENST00000287598	False	T	C	15-40202690-T-C	577	15 40202690 . T C . . .	False	False
15-40202693-G-A	2592592	Uncertain significance	1	criteria provided, single submitter	missense_variant	40202693	ENST00000287598	True	G	A	15-40202693-G-A	578	15 40202693 . G A . . .	False	False
15-40202693-G-C	3483129	Uncertain significance	1	criteria provided, single submitter	missense_variant	40202693	ENST00000287598	False	G	C	15-40202693-G-C	578	15 40202693 . G C . . .	False	False
15-40202694-T-G	1041215	Uncertain significance	1	criteria provided, single submitter	missense_variant	40202694	ENST00000287598	True	T	G	15-40202694-T-G	578	15 40202694 . T G . . .	False	False
15-40206187-G-A	2565440	Uncertain significance	1	criteria provided, single submitter	missense_variant	40206187	ENST00000287598	True	G	A	15-40206187-G-A	580	15 40206187 . G A . . .	False	False
15-40206192-T-A	2261146	Uncertain significance	1	criteria provided, single submitter	missense_variant	40206192	ENST00000287598	False	T	A	15-40206192-T-A	581	15 40206192 . T A . . .	False	False
15-40206194-C-T	1779279	Uncertain significance	1	criteria provided, single submitter	missense_variant	40206194	ENST00000287598	True	C	T	15-40206194-C-T	582	15 40206194 . C T . . .	False	False
15-40206196-G-A	1779324	Uncertain significance	1	criteria provided, single submitter	missense_variant	40206196	ENST00000287598	False	G	A	15-40206196-G-A	583	15 40206196 . G A . . .	False	False
15-40206199-A-T	4723822	Uncertain significance	1	criteria provided, single submitter	missense_variant	40206199	ENST00000287598	False	A	T	15-40206199-A-T	584	15 40206199 . A T . . .	False	False
15-40206205-C-A	3483195	Uncertain significance	1	criteria provided, single submitter	missense_variant	40206205	ENST00000287598	True	C	A	15-40206205-C-A	586	15 40206205 . C A . . .	False	False
15-40206205-C-T	4799313	Uncertain significance	2	criteria provided, multiple submitters, no conflicts	missense_variant	40206205	ENST00000287598	False	C	T	15-40206205-C-T	586	15 40206205 . C T . . .	False	False
15-40206206-C-G	2896154	Uncertain significance	1	criteria provided, single submitter	missense_variant	40206206	ENST00000287598	False	C	G	15-40206206-C-G	586	15 40206206 . C G . . .	False	False
15-40206209-T-G	2777750	Uncertain significance	1	criteria provided, single submitter	missense_variant	40206209	ENST00000287598	False	T	G	15-40206209-T-G	587	15 40206209 . T G . . .	False	False
15-40206210-G-C	3483257	Uncertain significance	1	criteria provided, single submitter	missense_variant	40206210	ENST00000287598	False	G	C	15-40206210-G-C	587	15 40206210 . G C . . .	False	False
15-40206212-G-A	2864270	Uncertain significance	2	criteria provided, multiple submitters, no conflicts	missense_variant	40206212	ENST00000287598	True	G	A	15-40206212-G-A	588	15 40206212 . G A . . .	False	False
15-40206214-G-A	1420086	Uncertain significance	1	criteria provided, single submitter	missense_variant	40206214	ENST00000287598	True	G	A	15-40206214-G-A	589	15 40206214 . G A . . .	False	False
15-40206214-G-C	4216957	Uncertain significance	1	criteria provided, single submitter	missense_variant	40206214	ENST00000287598	False	G	C	15-40206214-G-C	589	15 40206214 . G C . . .	False	False
15-40206217-G-A	3826102	Uncertain significance	1	criteria provided, single submitter	missense_variant	40206217	ENST00000287598	False	G	A	15-40206217-G-A	590	15 40206217 . G A . . .	False	False
15-40206217-G-T	1779724	Uncertain significance	1	criteria provided, single submitter	missense_variant	40206217	ENST00000287598	True	G	T	15-40206217-G-T	590	15 40206217 . G T . . .	False	False
15-40206223-A-G	1987893	Uncertain significance	1	criteria provided, single submitter	missense_variant	40206223	ENST00000287598	True	A	G	15-40206223-A-G	592	15 40206223 . A G . . .	False	False
15-40206229-A-G	1779983	Uncertain significance	1	criteria provided, single submitter	missense_variant	40206229	ENST00000287598	True	A	G	15-40206229-A-G	594	15 40206229 . A G . . .	False	False
15-40206230-C-G	1780004	Uncertain significance	1	criteria provided, single submitter	missense_variant	40206230	ENST00000287598	True	C	G	15-40206230-C-G	594	15 40206230 . C G . . .	False	False
15-40206232-G-A	1780048	Uncertain significance	2	criteria provided, multiple submitters, no conflicts	missense_variant	40206232	ENST00000287598	True	G	A	15-40206232-G-A	595	15 40206232 . G A . . .	False	False
15-40206233-G-A	2497662	Uncertain significance	1	criteria provided, single submitter	missense_variant	40206233	ENST00000287598	False	G	A	15-40206233-G-A	595	15 40206233 . G A . . .	False	False
15-40206233-G-T	1780063	Uncertain significance	2	criteria provided, multiple submitters, no conflicts	missense_variant	40206233	ENST00000287598	False	G	T	15-40206233-G-T	595	15 40206233 . G T . . .	False	False
15-40206238-A-G	1780143	Uncertain significance	1	criteria provided, single submitter	missense_variant	40206238	ENST00000287598	True	A	G	15-40206238-A-G	597	15 40206238 . A G . . .	False	False
15-40206241-A-G	3483162	Uncertain significance	1	criteria provided, single submitter	missense_variant	40206241	ENST00000287598	True	A	G	15-40206241-A-G	598	15 40206241 . A G . . .	False	False
15-40206241-A-T	1780207	Uncertain significance	2	criteria provided, multiple submitters, no conflicts	missense_variant	40206241	ENST00000287598	True	A	T	15-40206241-A-T	598	15 40206241 . A T . . .	False	False
15-40206242-A-G	2450840	Uncertain significance	1	criteria provided, single submitter	missense_variant	40206242	ENST00000287598	False	A	G	15-40206242-A-G	598	15 40206242 . A G . . .	False	False
15-40206244-G-A	2592497	Uncertain significance	1	criteria provided, single submitter	missense_variant	40206244	ENST00000287598	True	G	A	15-40206244-G-A	599	15 40206244 . G A . . .	False	False
15-40206250-A-G	1003792	Uncertain significance	2	criteria provided, multiple submitters, no conflicts	missense_variant	40206250	ENST00000287598	False	A	G	15-40206250-A-G	601	15 40206250 . A G . . .	False	False
15-40206253-T-G	3483184	Uncertain significance	1	criteria provided, single submitter	missense_variant	40206253	ENST00000287598	False	T	G	15-40206253-T-G	602	15 40206253 . T G . . .	False	False
15-40206256-C-T	3221360	Uncertain significance	1	criteria provided, single submitter	missense_variant	40206256	ENST00000287598	False	C	T	15-40206256-C-T	603	15 40206256 . C T . . .	False	False
15-40206260-A-C	4599872	Uncertain significance	1	criteria provided, single submitter	missense_variant	40206260	ENST00000287598	False	A	C	15-40206260-A-C	604	15 40206260 . A C . . .	False	False
15-40206262-C-G	2585905	Uncertain significance	2	criteria provided, multiple submitters, no conflicts	missense_variant	40206262	ENST00000287598	True	C	G	15-40206262-C-G	605	15 40206262 . C G . . .	False	False
15-40206268-G-A	3262203	Uncertain significance	2	criteria provided, multiple submitters, no conflicts	missense_variant	40206268	ENST00000287598	True	G	A	15-40206268-G-A	607	15 40206268 . G A . . .	False	False
15-40206271-A-C	3483241	Uncertain significance	1	criteria provided, single submitter	missense_variant	40206271	ENST00000287598	False	A	C	15-40206271-A-C	608	15 40206271 . A C . . .	False	False
15-40206272-C-T	4600669	Uncertain significance	1	criteria provided, single submitter	missense_variant	40206272	ENST00000287598	True	C	T	15-40206272-C-T	608	15 40206272 . C T . . .	False	False
15-40206274-T-G	1326807	Uncertain significance	2	criteria provided, multiple submitters, no conflicts	missense_variant	40206274	ENST00000287598	True	T	G	15-40206274-T-G	609	15 40206274 . T G . . .	False	False
15-40206275-G-A	3483127	Uncertain significance	1	criteria provided, single submitter	missense_variant	40206275	ENST00000287598	True	G	A	15-40206275-G-A	609	15 40206275 . G A . . .	False	False
15-40206275-G-T	997644	Uncertain significance	2	criteria provided, multiple submitters, no conflicts	missense_variant	40206275	ENST00000287598	True	G	T	15-40206275-G-T	609	15 40206275 . G T . . .	False	False
15-40206276-T-G	3221363	Uncertain significance	1	criteria provided, single submitter	missense_variant	40206276	ENST00000287598	False	T	G	15-40206276-T-G	609	15 40206276 . T G . . .	False	False
15-40206278-A-G	2585902	Uncertain significance	1	criteria provided, single submitter	missense_variant	40206278	ENST00000287598	False	A	G	15-40206278-A-G	610	15 40206278 . A G . . .	False	False
15-40206278-A-T	4826659	Uncertain significance	1	criteria provided, single submitter	missense_variant	40206278	ENST00000287598	False	A	T	15-40206278-A-T	610	15 40206278 . A T . . .	False	False
15-40206283-G-A	1781017	Uncertain significance	2	criteria provided, multiple submitters, no conflicts	missense_variant	40206283	ENST00000287598	True	G	A	15-40206283-G-A	612	15 40206283 . G A . . .	False	False
15-40206290-C-G	1781168	Uncertain significance	1	criteria provided, single submitter	missense_variant	40206290	ENST00000287598	True	C	G	15-40206290-C-G	614	15 40206290 . C G . . .	False	False
15-40206293-C-T	1781213	Uncertain significance	1	criteria provided, single submitter	missense_variant	40206293	ENST00000287598	False	C	T	15-40206293-C-T	615	15 40206293 . C T . . .	False	False
15-40206295-C-T	1061731	Uncertain significance	2	criteria provided, multiple submitters, no conflicts	missense_variant	40206295	ENST00000287598	True	C	T	15-40206295-C-T	616	15 40206295 . C T . . .	False	False
15-40206296-G-A	533906	Conflicting classifications of pathogenicity	1	criteria provided, conflicting classifications	missense_variant	40206296	ENST00000287598	True	G	A	15-40206296-G-A	616	15 40206296 . G A . . .	False	False
15-40206296-G-C	1053521	Uncertain significance	2	criteria provided, multiple submitters, no conflicts	missense_variant	40206296	ENST00000287598	False	G	C	15-40206296-G-C	616	15 40206296 . G C . . .	False	False
15-40206296-G-T	1781266	Uncertain significance	1	criteria provided, single submitter	missense_variant	40206296	ENST00000287598	False	G	T	15-40206296-G-T	616	15 40206296 . G T . . .	False	False
15-40206300-T-G	3483202	Uncertain significance	1	criteria provided, single submitter	missense_variant	40206300	ENST00000287598	False	T	G	15-40206300-T-G	617	15 40206300 . T G . . .	False	False
15-40206302-T-C	133769	Benign	2	criteria provided, multiple submitters, no conflicts	missense_variant	40206302	ENST00000287598	True	T	C	15-40206302-T-C	618	15 40206302 . T C . . .	False	True
15-40206305-C-A	1781407	Uncertain significance	1	criteria provided, single submitter	missense_variant	40206305	ENST00000287598	False	C	A	15-40206305-C-A	619	15 40206305 . C A . . .	False	False
15-40206311-C-A	3483222	Uncertain significance	1	criteria provided, single submitter	missense_variant	40206311	ENST00000287598	False	C	A	15-40206311-C-A	621	15 40206311 . C A . . .	False	False
15-40206317-A-G	2491868	Uncertain significance	1	criteria provided, single submitter	missense_variant	40206317	ENST00000287598	False	A	G	15-40206317-A-G	623	15 40206317 . A G . . .	False	False
15-40206319-G-A	3221365	Uncertain significance	1	criteria provided, single submitter	missense_variant	40206319	ENST00000287598	False	G	A	15-40206319-G-A	624	15 40206319 . G A . . .	False	False
15-40206320-A-G	3483158	Uncertain significance	1	criteria provided, single submitter	missense_variant	40206320	ENST00000287598	True	A	G	15-40206320-A-G	624	15 40206320 . A G . . .	False	False
15-40206322-A-G	956618	Uncertain significance	1	criteria provided, single submitter	missense_variant	40206322	ENST00000287598	True	A	G	15-40206322-A-G	625	15 40206322 . A G . . .	False	False
15-40206322-A-T	1781726	Uncertain significance	1	criteria provided, single submitter	missense_variant	40206322	ENST00000287598	True	A	T	15-40206322-A-T	625	15 40206322 . A T . . .	False	False
15-40206323-T-A	1781751	Uncertain significance	1	criteria provided, single submitter	missense_variant	40206323	ENST00000287598	True	T	A	15-40206323-T-A	625	15 40206323 . T A . . .	False	False
15-40206324-A-G	465364	Uncertain significance	2	criteria provided, multiple submitters, no conflicts	missense_variant	40206324	ENST00000287598	True	A	G	15-40206324-A-G	625	15 40206324 . A G . . .	False	False
15-40206325-A-G	1781779	Uncertain significance	1	criteria provided, single submitter	missense_variant	40206325	ENST00000287598	True	A	G	15-40206325-A-G	626	15 40206325 . A G . . .	False	False
15-40206326-T-C	1394447	Uncertain significance	2	criteria provided, multiple submitters, no conflicts	missense_variant	40206326	ENST00000287598	True	T	C	15-40206326-T-C	626	15 40206326 . T C . . .	False	False
15-40206328-T-C	133770	Uncertain significance	1	criteria provided, single submitter	missense_variant	40206328	ENST00000287598	False	T	C	15-40206328-T-C	627	15 40206328 . T C . . .	False	False
15-40206329-C-G	3483187	Uncertain significance	1	criteria provided, single submitter	missense_variant	40206329	ENST00000287598	False	C	G	15-40206329-C-G	627	15 40206329 . C G . . .	False	False
15-40206329-C-T	1781885	Uncertain significance	1	criteria provided, single submitter	missense_variant	40206329	ENST00000287598	False	C	T	15-40206329-C-T	627	15 40206329 . C T . . .	False	False
15-40206332-T-C	3262200	Uncertain significance	1	criteria provided, single submitter	missense_variant	40206332	ENST00000287598	False	T	C	15-40206332-T-C	628	15 40206332 . T C . . .	False	False
15-40206335-A-C	4600646	Uncertain significance	1	criteria provided, single submitter	missense_variant	40206335	ENST00000287598	False	A	C	15-40206335-A-C	629	15 40206335 . A C . . .	False	False
15-40206340-C-G	2562100	Uncertain significance	1	criteria provided, single submitter	missense_variant	40206340	ENST00000287598	False	C	G	15-40206340-C-G	631	15 40206340 . C G . . .	False	False
15-40206341-T-C	2565457	Uncertain significance	1	criteria provided, single submitter	missense_variant	40206341	ENST00000287598	True	T	C	15-40206341-T-C	631	15 40206341 . T C . . .	False	False
15-40206343-C-T	3826116	Uncertain significance	1	criteria provided, single submitter	missense_variant	40206343	ENST00000287598	True	C	T	15-40206343-C-T	632	15 40206343 . C T . . .	False	False
15-40206344-C-A	4216934	Uncertain significance	1	criteria provided, single submitter	missense_variant	40206344	ENST00000287598	False	C	A	15-40206344-C-A	632	15 40206344 . C A . . .	False	False
15-40206344-C-T	3221366	Uncertain significance	1	criteria provided, single submitter	missense_variant	40206344	ENST00000287598	True	C	T	15-40206344-C-T	632	15 40206344 . C T . . .	False	False
15-40206346-T-A	1055801	Uncertain significance	1	criteria provided, single submitter	missense_variant	40206346	ENST00000287598	True	T	A	15-40206346-T-A	633	15 40206346 . T A . . .	False	False
15-40206346-T-C	4216962	Uncertain significance	1	criteria provided, single submitter	missense_variant	40206346	ENST00000287598	False	T	C	15-40206346-T-C	633	15 40206346 . T C . . .	False	False
15-40206347-C-G	4216976	Uncertain significance	1	criteria provided, single submitter	missense_variant	40206347	ENST00000287598	False	C	G	15-40206347-C-G	633	15 40206347 . C G . . .	False	False
15-40206355-G-A	2450809	Uncertain significance	1	criteria provided, single submitter	missense_variant	40206355	ENST00000287598	True	G	A	15-40206355-G-A	636	15 40206355 . G A . . .	False	False
15-40206355-G-C	1782398	Uncertain significance	1	criteria provided, single submitter	missense_variant	40206355	ENST00000287598	True	G	C	15-40206355-G-C	636	15 40206355 . G C . . .	False	False
15-40206357-G-C	1782440	Uncertain significance	1	criteria provided, single submitter	missense_variant	40206357	ENST00000287598	True	G	C	15-40206357-G-C	636	15 40206357 . G C . . .	False	False
15-40206359-G-A	1418000	Uncertain significance	1	criteria provided, single submitter	missense_variant	40206359	ENST00000287598	False	G	A	15-40206359-G-A	637	15 40206359 . G A . . .	False	False
15-40206359-G-T	2565469	Uncertain significance	1	criteria provided, single submitter	missense_variant	40206359	ENST00000287598	False	G	T	15-40206359-G-T	637	15 40206359 . G T . . .	False	False
15-40206364-T-A	3718460	Uncertain significance	1	criteria provided, single submitter	missense_variant	40206364	ENST00000287598	False	T	A	15-40206364-T-A	639	15 40206364 . T A . . .	False	False
15-40206368-C-T	567797	Uncertain significance	2	criteria provided, multiple submitters, no conflicts	missense_variant	40206368	ENST00000287598	True	C	T	15-40206368-C-T	640	15 40206368 . C T . . .	False	False
15-40206370-G-A	2450806	Uncertain significance	1	criteria provided, single submitter	missense_variant	40206370	ENST00000287598	False	G	A	15-40206370-G-A	641	15 40206370 . G A . . .	False	False
15-40206370-G-C	1782693	Uncertain significance	1	criteria provided, single submitter	missense_variant	40206370	ENST00000287598	False	G	C	15-40206370-G-C	641	15 40206370 . G C . . .	False	False
15-40206371-A-T	1055083	Uncertain significance	2	criteria provided, multiple submitters, no conflicts	missense_variant	40206371	ENST00000287598	True	A	T	15-40206371-A-T	641	15 40206371 . A T . . .	False	False
15-40206375-A-C	2450808	Uncertain significance	1	criteria provided, single submitter	missense_variant	40206375	ENST00000287598	False	A	C	15-40206375-A-C	642	15 40206375 . A C . . .	False	False
15-40206376-G-A	3483199	Uncertain significance	1	criteria provided, single submitter	missense_variant	40206376	ENST00000287598	False	G	A	15-40206376-G-A	643	15 40206376 . G A . . .	False	False
15-40206377-A-C	3262271	Uncertain significance	1	criteria provided, single submitter	missense_variant	40206377	ENST00000287598	False	A	C	15-40206377-A-C	643	15 40206377 . A C . . .	False	False
15-40206384-T-A	3221367	Uncertain significance	1	criteria provided, single submitter	missense_variant	40206384	ENST00000287598	True	T	A	15-40206384-T-A	645	15 40206384 . T A . . .	False	False
15-40206385-G-A	1465437	Uncertain significance	2	criteria provided, multiple submitters, no conflicts	missense_variant	40206385	ENST00000287598	True	G	A	15-40206385-G-A	646	15 40206385 . G A . . .	False	False
15-40206386-T-G	3221368	Uncertain significance	1	criteria provided, single submitter	missense_variant	40206386	ENST00000287598	True	T	G	15-40206386-T-G	646	15 40206386 . T G . . .	False	False
15-40206388-A-G	2585910	Uncertain significance	1	criteria provided, single submitter	missense_variant	40206388	ENST00000287598	False	A	G	15-40206388-A-G	647	15 40206388 . A G . . .	False	False
15-40206390-G-T	1783060	Uncertain significance	1	criteria provided, single submitter	missense_variant	40206390	ENST00000287598	False	G	T	15-40206390-G-T	647	15 40206390 . G T . . .	False	False
15-40206392-C-T	578374	Uncertain significance	2	criteria provided, multiple submitters, no conflicts	missense_variant	40206392	ENST00000287598	True	C	T	15-40206392-C-T	648	15 40206392 . C T . . .	False	False
15-40206404-A-G	851027	Uncertain significance	1	criteria provided, single submitter	missense_variant	40206404	ENST00000287598	True	A	G	15-40206404-A-G	652	15 40206404 . A G . . .	False	False
15-40206406-C-G	2585924	Uncertain significance	1	criteria provided, single submitter	missense_variant	40206406	ENST00000287598	True	C	G	15-40206406-C-G	653	15 40206406 . C G . . .	False	False
15-40206407-A-G	3993683	Uncertain significance	1	criteria provided, single submitter	missense_variant	40206407	ENST00000287598	True	A	G	15-40206407-A-G	653	15 40206407 . A G . . .	False	False
15-40206413-C-A	4216977	Uncertain significance	1	criteria provided, single submitter	missense_variant	40206413	ENST00000287598	False	C	A	15-40206413-C-A	655	15 40206413 . C A . . .	False	False
15-40206413-C-G	4216963	Uncertain significance	1	criteria provided, single submitter	missense_variant	40206413	ENST00000287598	False	C	G	15-40206413-C-G	655	15 40206413 . C G . . .	False	False
15-40206416-G-A	2497655	Uncertain significance	1	criteria provided, single submitter	missense_variant	40206416	ENST00000287598	True	G	A	15-40206416-G-A	656	15 40206416 . G A . . .	False	False
15-40206417-T-G	3483215	Uncertain significance	1	criteria provided, single submitter	missense_variant	40206417	ENST00000287598	False	T	G	15-40206417-T-G	656	15 40206417 . T G . . .	False	False
15-40206419-G-T	1783619	Uncertain significance	2	criteria provided, multiple submitters, no conflicts	missense_variant	40206419	ENST00000287598	True	G	T	15-40206419-G-T	657	15 40206419 . G T . . .	False	False
15-40206421-A-C	3221370	Uncertain significance	1	criteria provided, single submitter	missense_variant	40206421	ENST00000287598	False	A	C	15-40206421-A-C	658	15 40206421 . A C . . .	False	False
15-40206422-C-T	643921	Uncertain significance	2	criteria provided, multiple submitters, no conflicts	missense_variant	40206422	ENST00000287598	True	C	T	15-40206422-C-T	658	15 40206422 . C T . . .	False	False
15-40206424-A-G	4216983	Uncertain significance	1	criteria provided, single submitter	missense_variant	40206424	ENST00000287598	True	A	G	15-40206424-A-G	659	15 40206424 . A G . . .	False	False
15-40206424-A-T	3483173	Uncertain significance	1	criteria provided, single submitter	missense_variant	40206424	ENST00000287598	False	A	T	15-40206424-A-T	659	15 40206424 . A T . . .	False	False
15-40206426-C-G	1783725	Uncertain significance	1	criteria provided, single submitter	missense_variant	40206426	ENST00000287598	False	C	G	15-40206426-C-G	659	15 40206426 . C G . . .	False	False
15-40206428-A-G	533907	Uncertain significance	2	criteria provided, multiple submitters, no conflicts	missense_variant	40206428	ENST00000287598	True	A	G	15-40206428-A-G	660	15 40206428 . A G . . .	False	False
15-40206431-G-A	1428851	Conflicting classifications of pathogenicity	1	criteria provided, conflicting classifications	missense_variant	40206431	ENST00000287598	True	G	A	15-40206431-G-A	661	15 40206431 . G A . . .	False	False
15-40206431-G-C	647199	Uncertain significance	2	criteria provided, multiple submitters, no conflicts	missense_variant	40206431	ENST00000287598	True	G	C	15-40206431-G-C	661	15 40206431 . G C . . .	False	False
15-40206434-A-G	1435494	Uncertain significance	2	criteria provided, multiple submitters, no conflicts	missense_variant	40206434	ENST00000287598	True	A	G	15-40206434-A-G	662	15 40206434 . A G . . .	False	False
15-40206437-C-G	3673887	Uncertain significance	1	criteria provided, single submitter	missense_variant	40206437	ENST00000287598	True	C	G	15-40206437-C-G	663	15 40206437 . C G . . .	False	False
15-40206437-C-T	959548	Uncertain significance	1	criteria provided, single submitter	missense_variant	40206437	ENST00000287598	False	C	T	15-40206437-C-T	663	15 40206437 . C T . . .	False	False
15-40206439-C-G	1783967	Uncertain significance	1	criteria provided, single submitter	missense_variant	40206439	ENST00000287598	False	C	G	15-40206439-C-G	664	15 40206439 . C G . . .	False	False
15-40206439-C-T	2585915	Uncertain significance	1	criteria provided, single submitter	missense_variant	40206439	ENST00000287598	True	C	T	15-40206439-C-T	664	15 40206439 . C T . . .	False	False
15-40206442-A-C	1015567	Uncertain significance	1	criteria provided, single submitter	missense_variant	40206442	ENST00000287598	True	A	C	15-40206442-A-C	665	15 40206442 . A C . . .	False	False
15-40206445-A-T	1784053	Uncertain significance	1	criteria provided, single submitter	missense_variant	40206445	ENST00000287598	False	A	T	15-40206445-A-T	666	15 40206445 . A T . . .	False	False
15-40206449-A-T	1784230	Uncertain significance	1	criteria provided, single submitter	missense_variant	40206449	ENST00000287598	False	A	T	15-40206449-A-T	667	15 40206449 . A T . . .	False	False
15-40206452-A-G	4600208	Uncertain significance	1	criteria provided, single submitter	missense_variant	40206452	ENST00000287598	True	A	G	15-40206452-A-G	668	15 40206452 . A G . . .	False	False
15-40206452-A-T	1784277	Uncertain significance	1	criteria provided, single submitter	missense_variant	40206452	ENST00000287598	False	A	T	15-40206452-A-T	668	15 40206452 . A T . . .	False	False
15-40208650-G-C	1784611	Uncertain significance	1	criteria provided, single submitter	missense_variant	40208650	ENST00000287598	False	G	C	15-40208650-G-C	675	15 40208650 . G C . . .	False	False
15-40208650-G-T	3221372	Uncertain significance	1	criteria provided, single submitter	missense_variant	40208650	ENST00000287598	False	G	T	15-40208650-G-T	675	15 40208650 . G T . . .	False	False
15-40208654-G-T	1784673	Uncertain significance	1	criteria provided, single submitter	missense_variant	40208654	ENST00000287598	True	G	T	15-40208654-G-T	676	15 40208654 . G T . . .	False	False
15-40208656-C-G	3826078	Uncertain significance	1	criteria provided, single submitter	missense_variant	40208656	ENST00000287598	True	C	G	15-40208656-C-G	677	15 40208656 . C G . . .	False	False
15-40208656-C-T	2462531	Uncertain significance	2	criteria provided, multiple submitters, no conflicts	missense_variant	40208656	ENST00000287598	True	C	T	15-40208656-C-T	677	15 40208656 . C T . . .	False	False
15-40208657-G-A	582609	Conflicting classifications of pathogenicity	1	criteria provided, conflicting classifications	missense_variant	40208657	ENST00000287598	True	G	A	15-40208657-G-A	677	15 40208657 . G A . . .	False	False
15-40208660-A-G	4842701	Uncertain significance	1	criteria provided, single submitter	missense_variant	40208660	ENST00000287598	True	A	G	15-40208660-A-G	678	15 40208660 . A G . . .	False	False
15-40208662-G-A	4754708	Uncertain significance	1	criteria provided, single submitter	missense_variant	40208662	ENST00000287598	False	G	A	15-40208662-G-A	679	15 40208662 . G A . . .	False	False
15-40208668-C-G	2585912	Uncertain significance	1	criteria provided, single submitter	missense_variant	40208668	ENST00000287598	False	C	G	15-40208668-C-G	681	15 40208668 . C G . . .	False	False
15-40208669-A-C	1058816	Uncertain significance	1	criteria provided, single submitter	missense_variant	40208669	ENST00000287598	True	A	C	15-40208669-A-C	681	15 40208669 . A C . . .	False	False
15-40208669-A-T	3993682	Uncertain significance	1	criteria provided, single submitter	missense_variant	40208669	ENST00000287598	True	A	T	15-40208669-A-T	681	15 40208669 . A T . . .	False	False
15-40208671-T-A	1784949	Uncertain significance	1	criteria provided, single submitter	missense_variant	40208671	ENST00000287598	True	T	A	15-40208671-T-A	682	15 40208671 . T A . . .	False	False
15-40208671-T-C	4216951	Uncertain significance	1	criteria provided, single submitter	missense_variant	40208671	ENST00000287598	False	T	C	15-40208671-T-C	682	15 40208671 . T C . . .	False	False
15-40208672-C-T	1784958	Uncertain significance	2	criteria provided, multiple submitters, no conflicts	missense_variant	40208672	ENST00000287598	False	C	T	15-40208672-C-T	682	15 40208672 . C T . . .	False	False
15-40208674-T-A	1784998	Uncertain significance	1	criteria provided, single submitter	missense_variant	40208674	ENST00000287598	False	T	A	15-40208674-T-A	683	15 40208674 . T A . . .	False	False
15-40208675-C-G	1784999	Uncertain significance	1	criteria provided, single submitter	missense_variant	40208675	ENST00000287598	False	C	G	15-40208675-C-G	683	15 40208675 . C G . . .	False	False
15-40208675-C-T	3221373	Uncertain significance	1	criteria provided, single submitter	missense_variant	40208675	ENST00000287598	False	C	T	15-40208675-C-T	683	15 40208675 . C T . . .	False	False
15-40208678-G-C	3577086	Uncertain significance	1	criteria provided, single submitter	missense_variant	40208678	ENST00000287598	False	G	C	15-40208678-G-C	684	15 40208678 . G C . . .	False	False
15-40208681-T-C	4600485	Uncertain significance	1	criteria provided, single submitter	missense_variant	40208681	ENST00000287598	False	T	C	15-40208681-T-C	685	15 40208681 . T C . . .	False	False
15-40208686-G-C	3221374	Uncertain significance	1	criteria provided, single submitter	missense_variant	40208686	ENST00000287598	False	G	C	15-40208686-G-C	687	15 40208686 . G C . . .	False	False
15-40208687-G-A	3993745	Uncertain significance	1	criteria provided, single submitter	missense_variant	40208687	ENST00000287598	False	G	A	15-40208687-G-A	687	15 40208687 . G A . . .	False	False
15-40208689-T-A	956031	Uncertain significance	2	criteria provided, multiple submitters, no conflicts	missense_variant	40208689	ENST00000287598	False	T	A	15-40208689-T-A	688	15 40208689 . T A . . .	False	False
15-40208690-C-A	1785255	Uncertain significance	1	criteria provided, single submitter	missense_variant	40208690	ENST00000287598	False	C	A	15-40208690-C-A	688	15 40208690 . C A . . .	False	False
15-40208695-G-A	3483185	Uncertain significance	1	criteria provided, single submitter	missense_variant	40208695	ENST00000287598	False	G	A	15-40208695-G-A	690	15 40208695 . G A . . .	False	False
15-40208695-G-T	4600468	Uncertain significance	1	criteria provided, single submitter	missense_variant	40208695	ENST00000287598	False	G	T	15-40208695-G-T	690	15 40208695 . G T . . .	False	False
15-40208698-T-C	3221375	Uncertain significance	1	criteria provided, single submitter	missense_variant	40208698	ENST00000287598	True	T	C	15-40208698-T-C	691	15 40208698 . T C . . .	False	False
15-40208699-C-T	1475741	Uncertain significance	1	criteria provided, single submitter	missense_variant	40208699	ENST00000287598	True	C	T	15-40208699-C-T	691	15 40208699 . C T . . .	False	False
15-40208701-G-A	4216922	Uncertain significance	1	criteria provided, single submitter	missense_variant	40208701	ENST00000287598	True	G	A	15-40208701-G-A	692	15 40208701 . G A . . .	False	False
15-40208704-G-A	3262275	Likely benign	1	criteria provided, single submitter	missense_variant	40208704	ENST00000287598	False	G	A	15-40208704-G-A	693	15 40208704 . G A . . .	False	True
15-40208708-G-A	3221376	Uncertain significance	1	criteria provided, single submitter	missense_variant	40208708	ENST00000287598	False	G	A	15-40208708-G-A	694	15 40208708 . G A . . .	False	False
15-40208709-C-A	1785578	Uncertain significance	1	criteria provided, single submitter	missense_variant	40208709	ENST00000287598	True	C	A	15-40208709-C-A	694	15 40208709 . C A . . .	False	False
15-40208710-A-G	4826650	Uncertain significance	1	criteria provided, single submitter	missense_variant	40208710	ENST00000287598	True	A	G	15-40208710-A-G	695	15 40208710 . A G . . .	False	False
15-40208713-T-C	3631371	Uncertain significance	1	criteria provided, single submitter	missense_variant	40208713	ENST00000287598	False	T	C	15-40208713-T-C	696	15 40208713 . T C . . .	False	False
15-40208716-T-G	2497661	Uncertain significance	1	criteria provided, single submitter	missense_variant	40208716	ENST00000287598	True	T	G	15-40208716-T-G	697	15 40208716 . T G . . .	False	False
15-40208717-C-G	2560836	Uncertain significance	1	criteria provided, single submitter	missense_variant	40208717	ENST00000287598	True	C	G	15-40208717-C-G	697	15 40208717 . C G . . .	False	False
15-40208717-C-T	1785732	Uncertain significance	1	criteria provided, single submitter	missense_variant	40208717	ENST00000287598	True	C	T	15-40208717-C-T	697	15 40208717 . C T . . .	False	False
15-40208719-A-G	1000355	Uncertain significance	2	criteria provided, multiple submitters, no conflicts	missense_variant	40208719	ENST00000287598	True	A	G	15-40208719-A-G	698	15 40208719 . A G . . .	False	False
15-40208720-T-A	1785764	Uncertain significance	1	criteria provided, single submitter	missense_variant	40208720	ENST00000287598	True	T	A	15-40208720-T-A	698	15 40208720 . T A . . .	False	False
15-40208723-A-G	3993684	Uncertain significance	1	criteria provided, single submitter	missense_variant	40208723	ENST00000287598	True	A	G	15-40208723-A-G	699	15 40208723 . A G . . .	False	False
15-40208723-A-T	1785796	Uncertain significance	1	criteria provided, single submitter	missense_variant	40208723	ENST00000287598	False	A	T	15-40208723-A-T	699	15 40208723 . A T . . .	False	False
15-40208724-A-C	1059655	Uncertain significance	2	criteria provided, multiple submitters, no conflicts	missense_variant	40208724	ENST00000287598	True	A	C	15-40208724-A-C	699	15 40208724 . A C . . .	False	False
15-40208725-T-C	1785833	Uncertain significance	1	criteria provided, single submitter	missense_variant	40208725	ENST00000287598	True	T	C	15-40208725-T-C	700	15 40208725 . T C . . .	False	False
15-40208726-G-A	1785845	Uncertain significance	2	criteria provided, multiple submitters, no conflicts	missense_variant	40208726	ENST00000287598	True	G	A	15-40208726-G-A	700	15 40208726 . G A . . .	False	False
15-40208726-G-C	4216954	Uncertain significance	1	criteria provided, single submitter	missense_variant	40208726	ENST00000287598	False	G	C	15-40208726-G-C	700	15 40208726 . G C . . .	False	False
15-40208729-T-C	3993703	Uncertain significance	1	criteria provided, single submitter	missense_variant	40208729	ENST00000287598	False	T	C	15-40208729-T-C	701	15 40208729 . T C . . .	False	False
15-40208733-A-C	2497659	Uncertain significance	1	criteria provided, single submitter	missense_variant	40208733	ENST00000287598	True	A	C	15-40208733-A-C	702	15 40208733 . A C . . .	False	False
15-40208735-T-C	3221378	Uncertain significance	1	criteria provided, single submitter	missense_variant	40208735	ENST00000287598	True	T	C	15-40208735-T-C	703	15 40208735 . T C . . .	False	False
15-40208738-C-T	961350	Uncertain significance	2	criteria provided, multiple submitters, no conflicts	missense_variant	40208738	ENST00000287598	True	C	T	15-40208738-C-T	704	15 40208738 . C T . . .	False	False
15-40208743-A-G	1786176	Uncertain significance	1	criteria provided, single submitter	missense_variant	40208743	ENST00000287598	True	A	G	15-40208743-A-G	706	15 40208743 . A G . . .	False	False
15-40208749-G-C	2867205	Uncertain significance	2	criteria provided, multiple submitters, no conflicts	missense_variant	40208749	ENST00000287598	False	G	C	15-40208749-G-C	708	15 40208749 . G C . . .	False	False
15-40208750-A-G	2909760	Uncertain significance	2	criteria provided, multiple submitters, no conflicts	missense_variant	40208750	ENST00000287598	True	A	G	15-40208750-A-G	708	15 40208750 . A G . . .	False	False
15-40208752-C-T	3221379	Uncertain significance	1	criteria provided, single submitter	missense_variant	40208752	ENST00000287598	True	C	T	15-40208752-C-T	709	15 40208752 . C T . . .	False	False
15-40208756-C-A	1804301	Uncertain significance	1	criteria provided, single submitter	missense_variant	40208756	ENST00000287598	True	C	A	15-40208756-C-A	710	15 40208756 . C A . . .	False	False
15-40208756-C-T	3221380	Uncertain significance	1	criteria provided, single submitter	missense_variant	40208756	ENST00000287598	True	C	T	15-40208756-C-T	710	15 40208756 . C T . . .	False	False
15-40208759-A-G	655443	Uncertain significance	2	criteria provided, multiple submitters, no conflicts	missense_variant	40208759	ENST00000287598	True	A	G	15-40208759-A-G	711	15 40208759 . A G . . .	False	False
15-40208760-T-A	2450842	Uncertain significance	1	criteria provided, single submitter	missense_variant	40208760	ENST00000287598	True	T	A	15-40208760-T-A	711	15 40208760 . T A . . .	False	False
15-40208763-G-T	1786485	Uncertain significance	1	criteria provided, single submitter	missense_variant	40208763	ENST00000287598	True	G	T	15-40208763-G-T	712	15 40208763 . G T . . .	False	False
15-40208764-A-C	1504297	Uncertain significance	2	criteria provided, multiple submitters, no conflicts	missense_variant	40208764	ENST00000287598	False	A	C	15-40208764-A-C	713	15 40208764 . A C . . .	False	False
15-40208764-A-G	2565459	Uncertain significance	1	criteria provided, single submitter	missense_variant	40208764	ENST00000287598	False	A	G	15-40208764-A-G	713	15 40208764 . A G . . .	False	False
15-40208765-C-A	4216931	Uncertain significance	1	criteria provided, single submitter	missense_variant	40208765	ENST00000287598	False	C	A	15-40208765-C-A	713	15 40208765 . C A . . .	False	False
15-40208767-T-G	1786587	Conflicting classifications of pathogenicity	1	criteria provided, conflicting classifications	missense_variant	40208767	ENST00000287598	True	T	G	15-40208767-T-G	714	15 40208767 . T G . . .	False	False
15-40208768-C-T	1786595	Uncertain significance	1	criteria provided, single submitter	missense_variant	40208768	ENST00000287598	False	C	T	15-40208768-C-T	714	15 40208768 . C T . . .	False	False
15-40208770-G-A	945532	Uncertain significance	1	criteria provided, single submitter	missense_variant	40208770	ENST00000287598	False	G	A	15-40208770-G-A	715	15 40208770 . G A . . .	False	False
15-40209635-A-G	3993754	Uncertain significance	1	criteria provided, single submitter	missense_variant	40209635	ENST00000287598	False	A	G	15-40209635-A-G	715	15 40209635 . A G . . .	False	False
15-40209643-A-C	1786770	Uncertain significance	1	criteria provided, single submitter	missense_variant	40209643	ENST00000287598	True	A	C	15-40209643-A-C	718	15 40209643 . A C . . .	False	False
15-40209644-C-T	1786787	Uncertain significance	2	criteria provided, multiple submitters, no conflicts	missense_variant	40209644	ENST00000287598	False	C	T	15-40209644-C-T	718	15 40209644 . C T . . .	False	False
15-40209646-C-A	3483223	Uncertain significance	1	criteria provided, single submitter	missense_variant	40209646	ENST00000287598	False	C	A	15-40209646-C-A	719	15 40209646 . C A . . .	False	False
15-40209647-A-T	2424974	Uncertain significance	2	criteria provided, multiple submitters, no conflicts	missense_variant	40209647	ENST00000287598	True	A	T	15-40209647-A-T	719	15 40209647 . A T . . .	False	False
15-40209653-C-G	1786929	Uncertain significance	1	criteria provided, single submitter	missense_variant	40209653	ENST00000287598	False	C	G	15-40209653-C-G	721	15 40209653 . C G . . .	False	False
15-40209655-T-C	465365	Uncertain significance	2	criteria provided, multiple submitters, no conflicts	missense_variant	40209655	ENST00000287598	True	T	C	15-40209655-T-C	722	15 40209655 . T C . . .	False	False
15-40209658-T-C	4600630	Uncertain significance	1	criteria provided, single submitter	missense_variant	40209658	ENST00000287598	False	T	C	15-40209658-T-C	723	15 40209658 . T C . . .	False	False
15-40209658-T-G	3993750	Uncertain significance	1	criteria provided, single submitter	missense_variant	40209658	ENST00000287598	False	T	G	15-40209658-T-G	723	15 40209658 . T G . . .	False	False
15-40209665-A-C	1502781	Uncertain significance	2	criteria provided, multiple submitters, no conflicts	missense_variant	40209665	ENST00000287598	True	A	C	15-40209665-A-C	725	15 40209665 . A C . . .	False	False
15-40209665-A-G	1787153	Uncertain significance	1	criteria provided, single submitter	missense_variant	40209665	ENST00000287598	True	A	G	15-40209665-A-G	725	15 40209665 . A G . . .	False	False
15-40209668-A-G	1787194	Uncertain significance	1	criteria provided, single submitter	missense_variant	40209668	ENST00000287598	True	A	G	15-40209668-A-G	726	15 40209668 . A G . . .	False	False
15-40209670-C-T	465366	Uncertain significance	2	criteria provided, multiple submitters, no conflicts	missense_variant	40209670	ENST00000287598	True	C	T	15-40209670-C-T	727	15 40209670 . C T . . .	False	False
15-40209671-G-A	3634370	Uncertain significance	1	criteria provided, single submitter	missense_variant	40209671	ENST00000287598	True	G	A	15-40209671-G-A	727	15 40209671 . G A . . .	False	False
15-40209674-G-C	1787299	Uncertain significance	1	criteria provided, single submitter	missense_variant	40209674	ENST00000287598	False	G	C	15-40209674-G-C	728	15 40209674 . G C . . .	False	False
15-40209683-T-C	3483157	Uncertain significance	1	criteria provided, single submitter	missense_variant	40209683	ENST00000287598	False	T	C	15-40209683-T-C	731	15 40209683 . T C . . .	False	False
15-40209683-T-G	1787443	Uncertain significance	2	criteria provided, multiple submitters, no conflicts	missense_variant	40209683	ENST00000287598	True	T	G	15-40209683-T-G	731	15 40209683 . T G . . .	False	False
15-40209685-A-C	3221381	Uncertain significance	1	criteria provided, single submitter	missense_variant	40209685	ENST00000287598	False	A	C	15-40209685-A-C	732	15 40209685 . A C . . .	False	False
15-40209689-C-T	1787519	Uncertain significance	1	criteria provided, single submitter	missense_variant	40209689	ENST00000287598	False	C	T	15-40209689-C-T	733	15 40209689 . C T . . .	False	False
15-40209694-C-A	3993680	Uncertain significance	1	criteria provided, single submitter	missense_variant	40209694	ENST00000287598	True	C	A	15-40209694-C-A	735	15 40209694 . C A . . .	False	False
15-40209694-C-T	1787664	Uncertain significance	1	criteria provided, single submitter	missense_variant	40209694	ENST00000287598	False	C	T	15-40209694-C-T	735	15 40209694 . C T . . .	False	False
15-40209695-C-T	4600495	Uncertain significance	1	criteria provided, single submitter	missense_variant	40209695	ENST00000287598	False	C	T	15-40209695-C-T	735	15 40209695 . C T . . .	False	False
15-40209704-G-A	2565480	Uncertain significance	1	criteria provided, single submitter	missense_variant	40209704	ENST00000287598	False	G	A	15-40209704-G-A	738	15 40209704 . G A . . .	False	False
15-40209705-T-G	1787818	Uncertain significance	1	criteria provided, single submitter	missense_variant	40209705	ENST00000287598	False	T	G	15-40209705-T-G	738	15 40209705 . T G . . .	False	False
15-40209706-G-A	2450832	Uncertain significance	1	criteria provided, single submitter	missense_variant	40209706	ENST00000287598	False	G	A	15-40209706-G-A	739	15 40209706 . G A . . .	False	False
15-40209706-G-C	1787829	Uncertain significance	1	criteria provided, single submitter	missense_variant	40209706	ENST00000287598	True	G	C	15-40209706-G-C	739	15 40209706 . G C . . .	False	False
15-40209706-G-T	3702079	Uncertain significance	1	criteria provided, single submitter	missense_variant	40209706	ENST00000287598	False	G	T	15-40209706-G-T	739	15 40209706 . G T . . .	False	False
15-40209709-T-G	1787872	Uncertain significance	1	criteria provided, single submitter	missense_variant	40209709	ENST00000287598	True	T	G	15-40209709-T-G	740	15 40209709 . T G . . .	False	False
15-40209710-C-T	1787886	Uncertain significance	2	criteria provided, multiple submitters, no conflicts	missense_variant	40209710	ENST00000287598	True	C	T	15-40209710-C-T	740	15 40209710 . C T . . .	False	False
15-40209712-G-A	3262282	Uncertain significance	1	criteria provided, single submitter	missense_variant	40209712	ENST00000287598	True	G	A	15-40209712-G-A	741	15 40209712 . G A . . .	False	False
15-40209716-A-T	2450812	Uncertain significance	1	criteria provided, single submitter	missense_variant	40209716	ENST00000287598	False	A	T	15-40209716-A-T	742	15 40209716 . A T . . .	False	False
15-40209722-G-A	2062934	Uncertain significance	2	criteria provided, multiple submitters, no conflicts	missense_variant	40209722	ENST00000287598	True	G	A	15-40209722-G-A	744	15 40209722 . G A . . .	False	False
15-40209724-A-G	937883	Conflicting classifications of pathogenicity	1	criteria provided, conflicting classifications	missense_variant	40209724	ENST00000287598	True	A	G	15-40209724-A-G	745	15 40209724 . A G . . .	False	False
15-40209724-A-T	4216965	Uncertain significance	1	criteria provided, single submitter	missense_variant	40209724	ENST00000287598	False	A	T	15-40209724-A-T	745	15 40209724 . A T . . .	False	False
15-40209726-A-G	1788173	Uncertain significance	1	criteria provided, single submitter	missense_variant	40209726	ENST00000287598	True	A	G	15-40209726-A-G	745	15 40209726 . A G . . .	False	False
15-40209731-A-G	1788271	Uncertain significance	1	criteria provided, single submitter	missense_variant	40209731	ENST00000287598	True	A	G	15-40209731-A-G	747	15 40209731 . A G . . .	False	False
15-40209731-A-T	3483261	Uncertain significance	1	criteria provided, single submitter	missense_variant	40209731	ENST00000287598	True	A	T	15-40209731-A-T	747	15 40209731 . A T . . .	False	False
15-40209734-G-A	1788309	Uncertain significance	1	criteria provided, single submitter	missense_variant	40209734	ENST00000287598	True	G	A	15-40209734-G-A	748	15 40209734 . G A . . .	False	False
15-40209735-A-T	1788317	Uncertain significance	1	criteria provided, single submitter	missense_variant	40209735	ENST00000287598	True	A	T	15-40209735-A-T	748	15 40209735 . A T . . .	False	False
15-40209736-C-A	3483190	Uncertain significance	1	criteria provided, single submitter	missense_variant	40209736	ENST00000287598	False	C	A	15-40209736-C-A	749	15 40209736 . C A . . .	False	False
15-40209736-C-G	3262267	Uncertain significance	1	criteria provided, single submitter	missense_variant	40209736	ENST00000287598	False	C	G	15-40209736-C-G	749	15 40209736 . C G . . .	False	False
15-40209737-C-A	4216973	Uncertain significance	1	criteria provided, single submitter	missense_variant	40209737	ENST00000287598	True	C	A	15-40209737-C-A	749	15 40209737 . C A . . .	False	False
15-40209739-A-G	3483143	Uncertain significance	1	criteria provided, single submitter	missense_variant	40209739	ENST00000287598	False	A	G	15-40209739-A-G	750	15 40209739 . A G . . .	False	False
15-40209741-G-C	1788424	Uncertain significance	1	criteria provided, single submitter	missense_variant	40209741	ENST00000287598	True	G	C	15-40209741-G-C	750	15 40209741 . G C . . .	False	False
15-40209746-A-C	1788503	Uncertain significance	1	criteria provided, single submitter	missense_variant	40209746	ENST00000287598	False	A	C	15-40209746-A-C	752	15 40209746 . A C . . .	False	False
15-40209753-A-T	2585939	Uncertain significance	1	criteria provided, single submitter	missense_variant	40209753	ENST00000287598	False	A	T	15-40209753-A-T	754	15 40209753 . A T . . .	False	False
15-40209755-T-C	2909581	Uncertain significance	2	criteria provided, multiple submitters, no conflicts	missense_variant	40209755	ENST00000287598	True	T	C	15-40209755-T-C	755	15 40209755 . T C . . .	False	False
15-40209758-A-C	3826134	Uncertain significance	1	criteria provided, single submitter	missense_variant	40209758	ENST00000287598	True	A	C	15-40209758-A-C	756	15 40209758 . A C . . .	False	False
15-40209758-A-G	2585935	Uncertain significance	1	criteria provided, single submitter	missense_variant	40209758	ENST00000287598	True	A	G	15-40209758-A-G	756	15 40209758 . A G . . .	False	False
15-40209762-G-T	658106	Uncertain significance	2	criteria provided, multiple submitters, no conflicts	missense_variant	40209762	ENST00000287598	True	G	T	15-40209762-G-T	757	15 40209762 . G T . . .	False	False
15-40209763-G-A	3826061	Uncertain significance	1	criteria provided, single submitter	missense_variant	40209763	ENST00000287598	False	G	A	15-40209763-G-A	758	15 40209763 . G A . . .	False	False
15-40209766-A-G	2497650	Uncertain significance	2	criteria provided, multiple submitters, no conflicts	missense_variant	40209766	ENST00000287598	True	A	G	15-40209766-A-G	759	15 40209766 . A G . . .	False	False
15-40209771-A-T	1788931	Uncertain significance	1	criteria provided, single submitter	missense_variant	40209771	ENST00000287598	False	A	T	15-40209771-A-T	760	15 40209771 . A T . . .	False	False
15-40210110-G-T	3483117	Uncertain significance	1	criteria provided, single submitter	missense_variant	40210110	ENST00000287598	True	G	T	15-40210110-G-T	762	15 40210110 . G T . . .	False	False
15-40210112-A-G	2450807	Uncertain significance	1	criteria provided, single submitter	missense_variant	40210112	ENST00000287598	False	A	G	15-40210112-A-G	763	15 40210112 . A G . . .	False	False
15-40210112-A-T	3483260	Uncertain significance	1	criteria provided, single submitter	missense_variant	40210112	ENST00000287598	True	A	T	15-40210112-A-T	763	15 40210112 . A T . . .	False	False
15-40210119-A-G	935035	Uncertain significance	1	criteria provided, single submitter	missense_variant	40210119	ENST00000287598	True	A	G	15-40210119-A-G	765	15 40210119 . A G . . .	False	False
15-40210119-A-T	2497660	Uncertain significance	1	criteria provided, single submitter	missense_variant	40210119	ENST00000287598	True	A	T	15-40210119-A-T	765	15 40210119 . A T . . .	False	False
15-40210122-A-G	2497654	Uncertain significance	1	criteria provided, single submitter	missense_variant	40210122	ENST00000287598	False	A	G	15-40210122-A-G	766	15 40210122 . A G . . .	True	False
15-40210124-T-C	1356822	Uncertain significance	2	criteria provided, multiple submitters, no conflicts	missense_variant	40210124	ENST00000287598	True	T	C	15-40210124-T-C	767	15 40210124 . T C . . .	True	False
15-40210127-A-G	1789307	Uncertain significance	1	criteria provided, single submitter	missense_variant	40210127	ENST00000287598	False	A	G	15-40210127-A-G	768	15 40210127 . A G . . .	True	False
15-40210134-G-A	1436353	Conflicting classifications of pathogenicity	1	criteria provided, conflicting classifications	missense_variant	40210134	ENST00000287598	True	G	A	15-40210134-G-A	770	15 40210134 . G A . . .	True	False
15-40210138-A-T	4842704	Uncertain significance	1	criteria provided, single submitter	missense_variant	40210138	ENST00000287598	True	A	T	15-40210138-A-T	771	15 40210138 . A T . . .	True	False
15-40210140-A-C	1789480	Uncertain significance	1	criteria provided, single submitter	missense_variant	40210140	ENST00000287598	True	A	C	15-40210140-A-C	772	15 40210140 . A C . . .	True	False
15-40210143-T-C	3483147	Uncertain significance	1	criteria provided, single submitter	missense_variant	40210143	ENST00000287598	False	T	C	15-40210143-T-C	773	15 40210143 . T C . . .	True	False
15-40210145-A-G	3483136	Uncertain significance	1	criteria provided, single submitter	missense_variant	40210145	ENST00000287598	True	A	G	15-40210145-A-G	774	15 40210145 . A G . . .	True	False
15-40210146-T-C	2565460	Uncertain significance	1	criteria provided, single submitter	missense_variant	40210146	ENST00000287598	True	T	C	15-40210146-T-C	774	15 40210146 . T C . . .	True	False
15-40210148-T-C	567171	Uncertain significance	1	criteria provided, single submitter	missense_variant	40210148	ENST00000287598	False	T	C	15-40210148-T-C	775	15 40210148 . T C . . .	True	False
15-40210148-T-G	1011954	Uncertain significance	2	criteria provided, multiple submitters, no conflicts	missense_variant	40210148	ENST00000287598	True	T	G	15-40210148-T-G	775	15 40210148 . T G . . .	True	False
15-40210151-G-A	3483186	Uncertain significance	1	criteria provided, single submitter	missense_variant	40210151	ENST00000287598	False	G	A	15-40210151-G-A	776	15 40210151 . G A . . .	True	False
15-40210153-A-C	1408032	Uncertain significance	1	criteria provided, single submitter	missense_variant	40210153	ENST00000287598	True	A	C	15-40210153-A-C	776	15 40210153 . A C . . .	True	False
15-40210156-T-G	3483193	Uncertain significance	1	criteria provided, single submitter	missense_variant	40210156	ENST00000287598	False	T	G	15-40210156-T-G	777	15 40210156 . T G . . .	True	False
15-40210157-T-C	2450814	Uncertain significance	1	criteria provided, single submitter	missense_variant	40210157	ENST00000287598	True	T	C	15-40210157-T-C	778	15 40210157 . T C . . .	True	False
15-40210158-A-G	4216956	Uncertain significance	1	criteria provided, single submitter	missense_variant	40210158	ENST00000287598	False	A	G	15-40210158-A-G	778	15 40210158 . A G . . .	True	False
15-40210161-A-G	1789776	Uncertain significance	2	criteria provided, multiple submitters, no conflicts	missense_variant	40210161	ENST00000287598	True	A	G	15-40210161-A-G	779	15 40210161 . A G . . .	True	False
15-40210162-G-T	1789798	Uncertain significance	2	criteria provided, multiple submitters, no conflicts	missense_variant	40210162	ENST00000287598	True	G	T	15-40210162-G-T	779	15 40210162 . G T . . .	True	False
15-40210164-T-C	3262276	Uncertain significance	1	criteria provided, single submitter	missense_variant	40210164	ENST00000287598	False	T	C	15-40210164-T-C	780	15 40210164 . T C . . .	True	False
15-40210166-T-C	1512153	Uncertain significance	1	criteria provided, single submitter	missense_variant	40210166	ENST00000287598	True	T	C	15-40210166-T-C	781	15 40210166 . T C . . .	True	False
15-40210168-C-A	1789898	Uncertain significance	1	criteria provided, single submitter	missense_variant	40210168	ENST00000287598	False	C	A	15-40210168-C-A	781	15 40210168 . C A . . .	True	False
15-40210168-C-G	1789900	Uncertain significance	2	criteria provided, multiple submitters, no conflicts	missense_variant	40210168	ENST00000287598	True	C	G	15-40210168-C-G	781	15 40210168 . C G . . .	True	False
15-40210172-G-A	1002191	Uncertain significance	2	criteria provided, multiple submitters, no conflicts	missense_variant	40210172	ENST00000287598	True	G	A	15-40210172-G-A	783	15 40210172 . G A . . .	True	False
15-40210172-G-C	4216988	Uncertain significance	1	criteria provided, single submitter	missense_variant	40210172	ENST00000287598	False	G	C	15-40210172-G-C	783	15 40210172 . G C . . .	True	False
15-40210175-G-A	2562096	Likely benign	1	criteria provided, single submitter	missense_variant	40210175	ENST00000287598	True	G	A	15-40210175-G-A	784	15 40210175 . G A . . .	True	True
15-40210176-C-T	403751	Uncertain significance	2	criteria provided, multiple submitters, no conflicts	missense_variant	40210176	ENST00000287598	True	C	T	15-40210176-C-T	784	15 40210176 . C T . . .	True	False
15-40210183-A-C	3221383	Uncertain significance	1	criteria provided, single submitter	missense_variant	40210183	ENST00000287598	False	A	C	15-40210183-A-C	786	15 40210183 . A C . . .	True	False
15-40210198-A-C	3262243	Uncertain significance	1	criteria provided, single submitter	missense_variant	40210198	ENST00000287598	False	A	C	15-40210198-A-C	791	15 40210198 . A C . . .	True	False
15-40210205-A-G	2565443	Uncertain significance	1	criteria provided, single submitter	missense_variant	40210205	ENST00000287598	True	A	G	15-40210205-A-G	794	15 40210205 . A G . . .	True	False
15-40210207-A-G	2562094	Uncertain significance	1	criteria provided, single submitter	missense_variant	40210207	ENST00000287598	True	A	G	15-40210207-A-G	794	15 40210207 . A G . . .	True	False
15-40210210-G-C	1519474	Uncertain significance	1	criteria provided, single submitter	missense_variant	40210210	ENST00000287598	False	G	C	15-40210210-G-C	795	15 40210210 . G C . . .	True	False
15-40212502-T-G	650681	Conflicting classifications of pathogenicity	1	criteria provided, conflicting classifications	missense_variant	40212502	ENST00000287598	True	T	G	15-40212502-T-G	797	15 40212502 . T G . . .	True	False
15-40212503-C-T	3221384	Uncertain significance	1	criteria provided, single submitter	missense_variant	40212503	ENST00000287598	False	C	T	15-40212503-C-T	797	15 40212503 . C T . . .	True	False
15-40212506-C-T	1790588	Uncertain significance	1	criteria provided, single submitter	missense_variant	40212506	ENST00000287598	True	C	T	15-40212506-C-T	798	15 40212506 . C T . . .	True	False
15-40212508-C-G	1790610	Uncertain significance	1	criteria provided, single submitter	missense_variant	40212508	ENST00000287598	False	C	G	15-40212508-C-G	799	15 40212508 . C G . . .	True	False
15-40212511-C-T	1371706	Uncertain significance	1	criteria provided, single submitter	missense_variant	40212511	ENST00000287598	True	C	T	15-40212511-C-T	800	15 40212511 . C T . . .	True	False
15-40212514-G-A	3221385	Uncertain significance	1	criteria provided, single submitter	missense_variant	40212514	ENST00000287598	False	G	A	15-40212514-G-A	801	15 40212514 . G A . . .	True	False
15-40212515-T-C	1790757	Uncertain significance	2	criteria provided, multiple submitters, no conflicts	missense_variant	40212515	ENST00000287598	True	T	C	15-40212515-T-C	801	15 40212515 . T C . . .	True	False
15-40212517-C-G	4842703	Uncertain significance	1	criteria provided, single submitter	missense_variant	40212517	ENST00000287598	False	C	G	15-40212517-C-G	802	15 40212517 . C G . . .	True	False
15-40212517-C-T	1015851	Uncertain significance	2	criteria provided, multiple submitters, no conflicts	missense_variant	40212517	ENST00000287598	True	C	T	15-40212517-C-T	802	15 40212517 . C T . . .	True	False
15-40212518-C-T	238664	Uncertain significance	2	criteria provided, multiple submitters, no conflicts	missense_variant	40212518	ENST00000287598	False	C	T	15-40212518-C-T	802	15 40212518 . C T . . .	True	False
15-40212520-T-A	1790817	Uncertain significance	1	criteria provided, single submitter	missense_variant	40212520	ENST00000287598	True	T	A	15-40212520-T-A	803	15 40212520 . T A . . .	True	False
15-40212522-G-C	3221386	Uncertain significance	1	criteria provided, single submitter	missense_variant	40212522	ENST00000287598	True	G	C	15-40212522-G-C	803	15 40212522 . G C . . .	True	False
15-40212524-A-G	3221387	Uncertain significance	1	criteria provided, single submitter	missense_variant	40212524	ENST00000287598	True	A	G	15-40212524-A-G	804	15 40212524 . A G . . .	True	False
15-40212527-T-C	403756	Uncertain significance	2	criteria provided, multiple submitters, no conflicts	missense_variant	40212527	ENST00000287598	False	T	C	15-40212527-T-C	805	15 40212527 . T C . . .	True	False
15-40212528-T-G	2174913	Uncertain significance	1	criteria provided, single submitter	missense_variant	40212528	ENST00000287598	False	T	G	15-40212528-T-G	805	15 40212528 . T G . . .	True	False
15-40212529-T-A	3826128	Uncertain significance	1	criteria provided, single submitter	missense_variant	40212529	ENST00000287598	False	T	A	15-40212529-T-A	806	15 40212529 . T A . . .	True	False
15-40212530-A-T	4703058	Uncertain significance	1	criteria provided, single submitter	missense_variant	40212530	ENST00000287598	False	A	T	15-40212530-A-T	806	15 40212530 . A T . . .	True	False
15-40212532-A-G	2721193	Uncertain significance	1	criteria provided, single submitter	missense_variant	40212532	ENST00000287598	True	A	G	15-40212532-A-G	807	15 40212532 . A G . . .	True	False
15-40212534-C-G	1791024	Uncertain significance	1	criteria provided, single submitter	missense_variant	40212534	ENST00000287598	True	C	G	15-40212534-C-G	807	15 40212534 . C G . . .	True	False
15-40212536-A-C	2565455	Uncertain significance	1	criteria provided, single submitter	missense_variant	40212536	ENST00000287598	False	A	C	15-40212536-A-C	808	15 40212536 . A C . . .	True	False
15-40212536-A-G	3483214	Uncertain significance	1	criteria provided, single submitter	missense_variant	40212536	ENST00000287598	False	A	G	15-40212536-A-G	808	15 40212536 . A G . . .	True	False
15-40212538-C-G	1791075	Uncertain significance	2	criteria provided, multiple submitters, no conflicts	missense_variant	40212538	ENST00000287598	True	C	G	15-40212538-C-G	809	15 40212538 . C G . . .	True	False
15-40212541-A-C	3483132	Uncertain significance	1	criteria provided, single submitter	missense_variant	40212541	ENST00000287598	False	A	C	15-40212541-A-C	810	15 40212541 . A C . . .	True	False
15-40212542-A-G	3826066	Uncertain significance	1	criteria provided, single submitter	missense_variant	40212542	ENST00000287598	True	A	G	15-40212542-A-G	810	15 40212542 . A G . . .	True	False
15-40212543-G-C	2150911	Uncertain significance	1	criteria provided, single submitter	missense_variant	40212543	ENST00000287598	True	G	C	15-40212543-G-C	810	15 40212543 . G C . . .	True	False
15-40212545-T-C	1425378	Uncertain significance	2	criteria provided, multiple submitters, no conflicts	missense_variant	40212545	ENST00000287598	False	T	C	15-40212545-T-C	811	15 40212545 . T C . . .	True	False
15-40212547-A-G	3577087	Uncertain significance	1	criteria provided, single submitter	missense_variant	40212547	ENST00000287598	False	A	G	15-40212547-A-G	812	15 40212547 . A G . . .	True	False
15-40212548-A-T	3221389	Uncertain significance	1	criteria provided, single submitter	missense_variant	40212548	ENST00000287598	True	A	T	15-40212548-A-T	812	15 40212548 . A T . . .	True	False
15-40212550-G-C	1791245	Uncertain significance	2	criteria provided, multiple submitters, no conflicts	missense_variant	40212550	ENST00000287598	True	G	C	15-40212550-G-C	813	15 40212550 . G C . . .	True	False
15-40212551-A-C	2565462	Uncertain significance	2	criteria provided, multiple submitters, no conflicts	missense_variant	40212551	ENST00000287598	True	A	C	15-40212551-A-C	813	15 40212551 . A C . . .	True	False
15-40212552-A-C	3262217	Uncertain significance	1	criteria provided, single submitter	missense_variant	40212552	ENST00000287598	False	A	C	15-40212552-A-C	813	15 40212552 . A C . . .	True	False
15-40212553-C-G	1467193	Uncertain significance	1	criteria provided, single submitter	missense_variant	40212553	ENST00000287598	False	C	G	15-40212553-C-G	814	15 40212553 . C G . . .	True	False
15-40212553-C-T	3630667	Uncertain significance	1	criteria provided, single submitter	missense_variant	40212553	ENST00000287598	True	C	T	15-40212553-C-T	814	15 40212553 . C T . . .	True	False
15-40212554-G-A	6764	Conflicting classifications of pathogenicity	1	criteria provided, conflicting classifications	missense_variant	40212554	ENST00000287598	True	G	A	15-40212554-G-A	814	15 40212554 . G A . . .	True	False
15-40212557-T-C	1791373	Uncertain significance	1	criteria provided, single submitter	missense_variant	40212557	ENST00000287598	False	T	C	15-40212557-T-C	815	15 40212557 . T C . . .	True	False
15-40212560-A-G	2974820	Uncertain significance	1	criteria provided, single submitter	missense_variant	40212560	ENST00000287598	True	A	G	15-40212560-A-G	816	15 40212560 . A G . . .	True	False
15-40212560-A-T	2011996	Uncertain significance	1	criteria provided, single submitter	missense_variant	40212560	ENST00000287598	False	A	T	15-40212560-A-T	816	15 40212560 . A T . . .	True	False
15-40212561-T-A	2585933	Uncertain significance	1	criteria provided, single submitter	missense_variant	40212561	ENST00000287598	False	T	A	15-40212561-T-A	816	15 40212561 . T A . . .	True	False
15-40212563-A-C	3577088	Uncertain significance	1	criteria provided, single submitter	missense_variant	40212563	ENST00000287598	False	A	C	15-40212563-A-C	817	15 40212563 . A C . . .	True	False
15-40212563-A-G	835876	Uncertain significance	2	criteria provided, multiple submitters, no conflicts	missense_variant	40212563	ENST00000287598	True	A	G	15-40212563-A-G	817	15 40212563 . A G . . .	True	False
15-40212566-A-G	1791518	Uncertain significance	1	criteria provided, single submitter	missense_variant	40212566	ENST00000287598	False	A	G	15-40212566-A-G	818	15 40212566 . A G . . .	True	False
15-40212567-T-G	1791535	Likely benign	1	criteria provided, single submitter	missense_variant	40212567	ENST00000287598	True	T	G	15-40212567-T-G	818	15 40212567 . T G . . .	True	True
15-40212568-T-C	3221390	Uncertain significance	1	criteria provided, single submitter	missense_variant	40212568	ENST00000287598	False	T	C	15-40212568-T-C	819	15 40212568 . T C . . .	True	False
15-40212569-T-C	3483239	Uncertain significance	1	criteria provided, single submitter	missense_variant	40212569	ENST00000287598	True	T	C	15-40212569-T-C	819	15 40212569 . T C . . .	True	False
15-40212574-C-G	3221391	Uncertain significance	1	criteria provided, single submitter	missense_variant	40212574	ENST00000287598	False	C	G	15-40212574-C-G	821	15 40212574 . C G . . .	True	False
15-40212574-C-T	1791639	Uncertain significance	1	criteria provided, single submitter	missense_variant	40212574	ENST00000287598	False	C	T	15-40212574-C-T	821	15 40212574 . C T . . .	True	False
15-40212576-T-A	1791666	Uncertain significance	2	criteria provided, multiple submitters, no conflicts	missense_variant	40212576	ENST00000287598	True	T	A	15-40212576-T-A	821	15 40212576 . T A . . .	True	False
15-40212577-T-C	3221392	Likely benign	1	criteria provided, single submitter	missense_variant	40212577	ENST00000287598	False	T	C	15-40212577-T-C	822	15 40212577 . T C . . .	True	True
15-40212580-T-C	4826651	Uncertain significance	1	criteria provided, single submitter	missense_variant	40212580	ENST00000287598	False	T	C	15-40212580-T-C	823	15 40212580 . T C . . .	True	False
15-40212581-G-A	1791720	Uncertain significance	1	criteria provided, single submitter	missense_variant	40212581	ENST00000287598	False	G	A	15-40212581-G-A	823	15 40212581 . G A . . .	True	False
15-40212583-A-G	4600351	Uncertain significance	1	criteria provided, single submitter	missense_variant	40212583	ENST00000287598	False	A	G	15-40212583-A-G	824	15 40212583 . A G . . .	True	False
15-40212584-G-A	3262241	Uncertain significance	1	criteria provided, single submitter	missense_variant	40212584	ENST00000287598	False	G	A	15-40212584-G-A	824	15 40212584 . G A . . .	True	False
15-40212585-C-G	1049921	Uncertain significance	0	no assertion criteria provided	missense_variant	40212585	ENST00000287598	True	C	G	15-40212585-C-G	824	15 40212585 . C G . . .	True	False
15-40212586-T-C	4600416	Uncertain significance	1	criteria provided, single submitter	missense_variant	40212586	ENST00000287598	False	T	C	15-40212586-T-C	825	15 40212586 . T C . . .	True	False
15-40212587-G-A	1791820	Uncertain significance	1	criteria provided, single submitter	missense_variant	40212587	ENST00000287598	True	G	A	15-40212587-G-A	825	15 40212587 . G A . . .	True	False
15-40212590-A-G	1411694	Uncertain significance	1	criteria provided, single submitter	missense_variant	40212590	ENST00000287598	True	A	G	15-40212590-A-G	826	15 40212590 . A G . . .	True	False
15-40212593-A-G	133771	Uncertain significance	1	criteria provided, single submitter	missense_variant	40212593	ENST00000287598	True	A	G	15-40212593-A-G	827	15 40212593 . A G . . .	True	False
15-40212601-G-C	1792019	Uncertain significance	1	criteria provided, single submitter	missense_variant	40212601	ENST00000287598	False	G	C	15-40212601-G-C	830	15 40212601 . G C . . .	True	False
15-40212603-T-G	3262197	Uncertain significance	1	criteria provided, single submitter	missense_variant	40212603	ENST00000287598	False	T	G	15-40212603-T-G	830	15 40212603 . T G . . .	True	False
15-40212604-G-A	4842698	Uncertain significance	1	criteria provided, single submitter	missense_variant	40212604	ENST00000287598	False	G	A	15-40212604-G-A	831	15 40212604 . G A . . .	True	False
15-40212605-G-C	1792090	Uncertain significance	1	criteria provided, single submitter	missense_variant	40212605	ENST00000287598	True	G	C	15-40212605-G-C	831	15 40212605 . G C . . .	True	False
15-40212608-G-A	3221394	Uncertain significance	2	criteria provided, multiple submitters, no conflicts	missense_variant	40212608	ENST00000287598	True	G	A	15-40212608-G-A	832	15 40212608 . G A . . .	True	False
15-40212610-A-G	1792141	Uncertain significance	1	criteria provided, single submitter	missense_variant	40212610	ENST00000287598	True	A	G	15-40212610-A-G	833	15 40212610 . A G . . .	True	False
15-40212619-C-T	1051106	Uncertain significance	1	criteria provided, single submitter	missense_variant	40212619	ENST00000287598	True	C	T	15-40212619-C-T	836	15 40212619 . C T . . .	True	False
15-40212621-C-G	844989	Uncertain significance	2	criteria provided, multiple submitters, no conflicts	missense_variant	40212621	ENST00000287598	True	C	G	15-40212621-C-G	836	15 40212621 . C G . . .	True	False
15-40212622-C-A	1484754	Uncertain significance	2	criteria provided, multiple submitters, no conflicts	missense_variant	40212622	ENST00000287598	False	C	A	15-40212622-C-A	837	15 40212622 . C A . . .	True	False
15-40212623-A-G	1792394	Uncertain significance	1	criteria provided, single submitter	missense_variant	40212623	ENST00000287598	False	A	G	15-40212623-A-G	837	15 40212623 . A G . . .	True	False
15-40212624-A-T	2415305	Uncertain significance	1	criteria provided, single submitter	missense_variant	40212624	ENST00000287598	False	A	T	15-40212624-A-T	837	15 40212624 . A T . . .	True	False
15-40212626-A-G	465372	Uncertain significance	2	criteria provided, multiple submitters, no conflicts	missense_variant	40212626	ENST00000287598	True	A	G	15-40212626-A-G	838	15 40212626 . A G . . .	True	False
15-40212628-A-G	2585913	Uncertain significance	2	criteria provided, multiple submitters, no conflicts	missense_variant	40212628	ENST00000287598	True	A	G	15-40212628-A-G	839	15 40212628 . A G . . .	True	False
15-40212632-A-G	4216924	Uncertain significance	1	criteria provided, single submitter	missense_variant	40212632	ENST00000287598	False	A	G	15-40212632-A-G	840	15 40212632 . A G . . .	True	False
15-40212638-T-G	3993748	Uncertain significance	1	criteria provided, single submitter	missense_variant	40212638	ENST00000287598	False	T	G	15-40212638-T-G	842	15 40212638 . T G . . .	True	False
15-40212640-A-C	2560839	Uncertain significance	1	criteria provided, single submitter	missense_variant	40212640	ENST00000287598	False	A	C	15-40212640-A-C	843	15 40212640 . A C . . .	True	False
15-40212641-C-A	3262283	Uncertain significance	1	criteria provided, single submitter	missense_variant	40212641	ENST00000287598	False	C	A	15-40212641-C-A	843	15 40212641 . C A . . .	True	False
15-40212641-C-G	1792615	Uncertain significance	1	criteria provided, single submitter	missense_variant	40212641	ENST00000287598	True	C	G	15-40212641-C-G	843	15 40212641 . C G . . .	True	False
15-40212641-C-T	1792617	Uncertain significance	2	criteria provided, multiple submitters, no conflicts	missense_variant	40212641	ENST00000287598	True	C	T	15-40212641-C-T	843	15 40212641 . C T . . .	True	False
15-40212643-C-T	6761	Uncertain significance	2	criteria provided, multiple submitters, no conflicts	missense_variant	40212643	ENST00000287598	True	C	T	15-40212643-C-T	844	15 40212643 . C T . . .	True	False
15-40212647-A-G	1518432	Uncertain significance	1	criteria provided, single submitter	missense_variant	40212647	ENST00000287598	True	A	G	15-40212647-A-G	845	15 40212647 . A G . . .	True	False
15-40213332-G-T	3262240	Uncertain significance	1	criteria provided, single submitter	missense_variant	40213332	ENST00000287598	False	G	T	15-40213332-G-T	846	15 40213332 . G T . . .	True	False
15-40213333-A-T	1792769	Uncertain significance	2	criteria provided, multiple submitters, no conflicts	missense_variant	40213333	ENST00000287598	True	A	T	15-40213333-A-T	846	15 40213333 . A T . . .	True	False
15-40213334-T-A	4824243	Uncertain significance	1	criteria provided, single submitter	missense_variant	40213334	ENST00000287598	True	T	A	15-40213334-T-A	846	15 40213334 . T A . . .	True	False
15-40213335-C-G	1792788	Uncertain significance	1	criteria provided, single submitter	missense_variant	40213335	ENST00000287598	False	C	G	15-40213335-C-G	847	15 40213335 . C G . . .	True	False
15-40213335-C-T	3262263	Uncertain significance	1	criteria provided, single submitter	missense_variant	40213335	ENST00000287598	False	C	T	15-40213335-C-T	847	15 40213335 . C T . . .	True	False
15-40213338-C-T	1792846	Uncertain significance	1	criteria provided, single submitter	missense_variant	40213338	ENST00000287598	True	C	T	15-40213338-C-T	848	15 40213338 . C T . . .	True	False
15-40213345-A-G	2069196	Uncertain significance	2	criteria provided, multiple submitters, no conflicts	missense_variant	40213345	ENST00000287598	True	A	G	15-40213345-A-G	850	15 40213345 . A G . . .	True	False
15-40213350-G-A	1792995	Uncertain significance	1	criteria provided, single submitter	missense_variant	40213350	ENST00000287598	False	G	A	15-40213350-G-A	852	15 40213350 . G A . . .	True	False
15-40213351-A-C	2585923	Uncertain significance	1	criteria provided, single submitter	missense_variant	40213351	ENST00000287598	True	A	C	15-40213351-A-C	852	15 40213351 . A C . . .	True	False
15-40213353-T-C	533912	Uncertain significance	2	criteria provided, multiple submitters, no conflicts	missense_variant	40213353	ENST00000287598	True	T	C	15-40213353-T-C	853	15 40213353 . T C . . .	True	False
15-40213356-A-G	848663	Uncertain significance	2	criteria provided, multiple submitters, no conflicts	missense_variant	40213356	ENST00000287598	True	A	G	15-40213356-A-G	854	15 40213356 . A G . . .	True	False
15-40213358-T-G	3262279	Uncertain significance	1	criteria provided, single submitter	missense_variant	40213358	ENST00000287598	True	T	G	15-40213358-T-G	854	15 40213358 . T G . . .	True	False
15-40213359-A-G	2335143	Uncertain significance	2	criteria provided, multiple submitters, no conflicts	missense_variant	40213359	ENST00000287598	True	A	G	15-40213359-A-G	855	15 40213359 . A G . . .	True	False
15-40213362-C-A	4600591	Uncertain significance	1	criteria provided, single submitter	missense_variant	40213362	ENST00000287598	False	C	A	15-40213362-C-A	856	15 40213362 . C A . . .	True	False
15-40213362-C-T	4707942	Uncertain significance	1	criteria provided, single submitter	missense_variant	40213362	ENST00000287598	True	C	T	15-40213362-C-T	856	15 40213362 . C T . . .	True	False
15-40213364-T-G	3483189	Uncertain significance	1	criteria provided, single submitter	missense_variant	40213364	ENST00000287598	False	T	G	15-40213364-T-G	856	15 40213364 . T G . . .	True	False
15-40213368-A-G	465374	Uncertain significance	1	criteria provided, single submitter	missense_variant	40213368	ENST00000287598	True	A	G	15-40213368-A-G	858	15 40213368 . A G . . .	True	False
15-40213371-A-G	3826109	Likely benign	1	criteria provided, single submitter	missense_variant	40213371	ENST00000287598	False	A	G	15-40213371-A-G	859	15 40213371 . A G . . .	True	True
15-40213378-T-C	1793397	Uncertain significance	1	criteria provided, single submitter	missense_variant	40213378	ENST00000287598	False	T	C	15-40213378-T-C	861	15 40213378 . T C . . .	True	False
15-40213378-T-G	573457	Uncertain significance	2	criteria provided, multiple submitters, no conflicts	missense_variant	40213378	ENST00000287598	True	T	G	15-40213378-T-G	861	15 40213378 . T G . . .	True	False
15-40213379-G-T	3262249	Uncertain significance	1	criteria provided, single submitter	missense_variant	40213379	ENST00000287598	False	G	T	15-40213379-G-T	861	15 40213379 . G T . . .	True	False
15-40213381-T-A	3826075	Uncertain significance	1	criteria provided, single submitter	missense_variant	40213381	ENST00000287598	False	T	A	15-40213381-T-A	862	15 40213381 . T A . . .	True	False
15-40213383-A-G	1793438	Uncertain significance	1	criteria provided, single submitter	missense_variant	40213383	ENST00000287598	False	A	G	15-40213383-A-G	863	15 40213383 . A G . . .	True	False
15-40213384-T-C	1793453	Uncertain significance	1	criteria provided, single submitter	missense_variant	40213384	ENST00000287598	True	T	C	15-40213384-T-C	863	15 40213384 . T C . . .	True	False
15-40213387-A-G	3221396	Uncertain significance	1	criteria provided, single submitter	missense_variant	40213387	ENST00000287598	False	A	G	15-40213387-A-G	864	15 40213387 . A G . . .	True	False
15-40213389-A-C	3483152	Uncertain significance	1	criteria provided, single submitter	missense_variant	40213389	ENST00000287598	False	A	C	15-40213389-A-C	865	15 40213389 . A C . . .	True	False
15-40213391-C-G	4600514	Uncertain significance	1	criteria provided, single submitter	missense_variant	40213391	ENST00000287598	False	C	G	15-40213391-C-G	865	15 40213391 . C G . . .	True	False
15-40213392-C-A	3262238	Uncertain significance	1	criteria provided, single submitter	missense_variant	40213392	ENST00000287598	False	C	A	15-40213392-C-A	866	15 40213392 . C A . . .	True	False
15-40213393-T-C	3826101	Uncertain significance	1	criteria provided, single submitter	missense_variant	40213393	ENST00000287598	True	T	C	15-40213393-T-C	866	15 40213393 . T C . . .	True	False
15-40213397-G-C	2624690	Uncertain significance	1	criteria provided, single submitter	missense_variant	40213397	ENST00000287598	True	G	C	15-40213397-G-C	867	15 40213397 . G C . . .	True	False
15-40213401-A-G	654331	Uncertain significance	2	criteria provided, multiple submitters, no conflicts	missense_variant	40213401	ENST00000287598	True	A	G	15-40213401-A-G	869	15 40213401 . A G . . .	True	False
15-40213403-A-G	2585908	Uncertain significance	1	criteria provided, single submitter	missense_variant	40213403	ENST00000287598	True	A	G	15-40213403-A-G	869	15 40213403 . A G . . .	True	False
15-40213404-G-A	851221	Uncertain significance	2	criteria provided, multiple submitters, no conflicts	missense_variant	40213404	ENST00000287598	True	G	A	15-40213404-G-A	870	15 40213404 . G A . . .	True	False
15-40213407-G-C	4600372	Uncertain significance	1	criteria provided, single submitter	missense_variant	40213407	ENST00000287598	False	G	C	15-40213407-G-C	871	15 40213407 . G C . . .	True	False
15-40213408-A-T	2842041	Uncertain significance	2	criteria provided, multiple submitters, no conflicts	missense_variant	40213408	ENST00000287598	True	A	T	15-40213408-A-T	871	15 40213408 . A T . . .	True	False
15-40213409-G-C	4842700	Uncertain significance	1	criteria provided, single submitter	missense_variant	40213409	ENST00000287598	True	G	C	15-40213409-G-C	871	15 40213409 . G C . . .	True	False
15-40213410-A-C	3483252	Uncertain significance	1	criteria provided, single submitter	missense_variant	40213410	ENST00000287598	False	A	C	15-40213410-A-C	872	15 40213410 . A C . . .	True	False
15-40213410-A-G	3483194	Uncertain significance	1	criteria provided, single submitter	missense_variant	40213410	ENST00000287598	False	A	G	15-40213410-A-G	872	15 40213410 . A G . . .	True	False
15-40213414-T-C	3221398	Uncertain significance	1	criteria provided, single submitter	missense_variant	40213414	ENST00000287598	True	T	C	15-40213414-T-C	873	15 40213414 . T C . . .	True	False
15-40213416-C-T	3483151	Uncertain significance	1	criteria provided, single submitter	missense_variant	40213416	ENST00000287598	True	C	T	15-40213416-C-T	874	15 40213416 . C T . . .	True	False
15-40213417-A-G	2565470	Uncertain significance	1	criteria provided, single submitter	missense_variant	40213417	ENST00000287598	False	A	G	15-40213417-A-G	874	15 40213417 . A G . . .	True	False
15-40213420-A-G	2450815	Uncertain significance	1	criteria provided, single submitter	missense_variant	40213420	ENST00000287598	True	A	G	15-40213420-A-G	875	15 40213420 . A G . . .	True	False
15-40213422-G-A	1794003	Uncertain significance	2	criteria provided, multiple submitters, no conflicts	missense_variant	40213422	ENST00000287598	True	G	A	15-40213422-G-A	876	15 40213422 . G A . . .	True	False
15-40213427-A-T	3221399	Uncertain significance	1	criteria provided, single submitter	missense_variant	40213427	ENST00000287598	False	A	T	15-40213427-A-T	877	15 40213427 . A T . . .	True	False
15-40213432-T-A	1794120	Uncertain significance	1	criteria provided, single submitter	missense_variant	40213432	ENST00000287598	False	T	A	15-40213432-T-A	879	15 40213432 . T A . . .	True	False
15-40213436-T-G	3221400	Uncertain significance	1	criteria provided, single submitter	missense_variant	40213436	ENST00000287598	False	T	G	15-40213436-T-G	880	15 40213436 . T G . . .	True	False
15-40213437-G-A	3262232	Uncertain significance	1	criteria provided, single submitter	missense_variant	40213437	ENST00000287598	False	G	A	15-40213437-G-A	881	15 40213437 . G A . . .	True	False
15-40213443-T-G	2565463	Uncertain significance	1	criteria provided, single submitter	missense_variant	40213443	ENST00000287598	False	T	G	15-40213443-T-G	883	15 40213443 . T G . . .	True	False
15-40213444-T-C	1448027	Uncertain significance	2	criteria provided, multiple submitters, no conflicts	missense_variant	40213444	ENST00000287598	True	T	C	15-40213444-T-C	883	15 40213444 . T C . . .	True	False
15-40213446-A-G	3221402	Uncertain significance	1	criteria provided, single submitter	missense_variant	40213446	ENST00000287598	False	A	G	15-40213446-A-G	884	15 40213446 . A G . . .	True	False
15-40213448-T-A	2811488	Uncertain significance	2	criteria provided, multiple submitters, no conflicts	missense_variant	40213448	ENST00000287598	False	T	A	15-40213448-T-A	884	15 40213448 . T A . . .	True	False
15-40213449-C-T	1794348	Uncertain significance	1	criteria provided, single submitter	missense_variant	40213449	ENST00000287598	False	C	T	15-40213449-C-T	885	15 40213449 . C T . . .	True	False
15-40213450-C-T	3826096	Uncertain significance	1	criteria provided, single submitter	missense_variant	40213450	ENST00000287598	False	C	T	15-40213450-C-T	885	15 40213450 . C T . . .	True	False
15-40213452-A-G	1390466	Uncertain significance	2	criteria provided, multiple submitters, no conflicts	missense_variant	40213452	ENST00000287598	True	A	G	15-40213452-A-G	886	15 40213452 . A G . . .	True	False
15-40213454-G-C	853415	Uncertain significance	1	criteria provided, single submitter	missense_variant	40213454	ENST00000287598	True	G	C	15-40213454-G-C	886	15 40213454 . G C . . .	True	False
15-40213454-G-T	861782	Uncertain significance	2	criteria provided, multiple submitters, no conflicts	missense_variant	40213454	ENST00000287598	True	G	T	15-40213454-G-T	886	15 40213454 . G T . . .	True	False
15-40213461-A-T	3826062	Uncertain significance	1	criteria provided, single submitter	missense_variant	40213461	ENST00000287598	True	A	T	15-40213461-A-T	889	15 40213461 . A T . . .	True	False
15-40213463-T-G	3826070	Uncertain significance	1	criteria provided, single submitter	missense_variant	40213463	ENST00000287598	False	T	G	15-40213463-T-G	889	15 40213463 . T G . . .	True	False
15-40213464-C-A	3262268	Uncertain significance	1	criteria provided, single submitter	missense_variant	40213464	ENST00000287598	False	C	A	15-40213464-C-A	890	15 40213464 . C A . . .	True	False
15-40213465-T-C	2565448	Uncertain significance	1	criteria provided, single submitter	missense_variant	40213465	ENST00000287598	False	T	C	15-40213465-T-C	890	15 40213465 . T C . . .	True	False
15-40213465-T-G	1794527	Uncertain significance	2	criteria provided, multiple submitters, no conflicts	missense_variant	40213465	ENST00000287598	True	T	G	15-40213465-T-G	890	15 40213465 . T G . . .	True	False
15-40213471-A-T	1794600	Uncertain significance	1	criteria provided, single submitter	missense_variant	40213471	ENST00000287598	False	A	T	15-40213471-A-T	892	15 40213471 . A T . . .	True	False
15-40213472-C-G	3262191	Uncertain significance	1	criteria provided, single submitter	missense_variant	40213472	ENST00000287598	False	C	G	15-40213472-C-G	892	15 40213472 . C G . . .	True	False
15-40217497-A-G	3483150	Uncertain significance	1	criteria provided, single submitter	missense_variant	40217497	ENST00000287598	False	A	G	15-40217497-A-G	894	15 40217497 . A G . . .	True	False
15-40217498-T-A	2155957	Uncertain significance	2	criteria provided, multiple submitters, no conflicts	missense_variant	40217498	ENST00000287598	True	T	A	15-40217498-T-A	894	15 40217498 . T A . . .	True	False
15-40217499-C-G	3221403	Uncertain significance	1	criteria provided, single submitter	missense_variant	40217499	ENST00000287598	True	C	G	15-40217499-C-G	894	15 40217499 . C G . . .	True	False
15-40217500-C-T	3483145	Uncertain significance	1	criteria provided, single submitter	missense_variant	40217500	ENST00000287598	True	C	T	15-40217500-C-T	895	15 40217500 . C T . . .	True	False
15-40217503-G-A	1690678	Uncertain significance	2	criteria provided, multiple submitters, no conflicts	missense_variant	40217503	ENST00000287598	True	G	A	15-40217503-G-A	896	15 40217503 . G A . . .	True	False
15-40217503-G-T	2624689	Uncertain significance	1	criteria provided, single submitter	missense_variant	40217503	ENST00000287598	True	G	T	15-40217503-G-T	896	15 40217503 . G T . . .	True	False
15-40217504-A-G	3483161	Uncertain significance	1	criteria provided, single submitter	missense_variant	40217504	ENST00000287598	False	A	G	15-40217504-A-G	896	15 40217504 . A G . . .	True	False
15-40217507-C-G	3221404	Uncertain significance	2	criteria provided, multiple submitters, no conflicts	missense_variant	40217507	ENST00000287598	True	C	G	15-40217507-C-G	897	15 40217507 . C G . . .	True	False
15-40217507-C-T	4824244	Uncertain significance	1	criteria provided, single submitter	missense_variant	40217507	ENST00000287598	True	C	T	15-40217507-C-T	897	15 40217507 . C T . . .	True	False
15-40217509-T-C	3483220	Uncertain significance	1	criteria provided, single submitter	missense_variant	40217509	ENST00000287598	False	T	C	15-40217509-T-C	898	15 40217509 . T C . . .	True	False
15-40217510-A-G	837582	Uncertain significance	2	criteria provided, multiple submitters, no conflicts	missense_variant	40217510	ENST00000287598	True	A	G	15-40217510-A-G	898	15 40217510 . A G . . .	True	False
15-40217513-A-G	3221406	Uncertain significance	1	criteria provided, single submitter	missense_variant	40217513	ENST00000287598	False	A	G	15-40217513-A-G	899	15 40217513 . A G . . .	True	False
15-40217523-G-C	2959462	Uncertain significance	1	criteria provided, single submitter	missense_variant	40217523	ENST00000287598	True	G	C	15-40217523-G-C	902	15 40217523 . G C . . .	True	False
15-40217523-G-T	2585929	Uncertain significance	1	criteria provided, single submitter	missense_variant	40217523	ENST00000287598	False	G	T	15-40217523-G-T	902	15 40217523 . G T . . .	True	False
15-40217525-A-G	1795006	Uncertain significance	2	criteria provided, multiple submitters, no conflicts	missense_variant	40217525	ENST00000287598	False	A	G	15-40217525-A-G	903	15 40217525 . A G . . .	True	False
15-40217528-A-G	2560838	Uncertain significance	1	criteria provided, single submitter	missense_variant	40217528	ENST00000287598	True	A	G	15-40217528-A-G	904	15 40217528 . A G . . .	True	False
15-40217530-C-G	3483254	Uncertain significance	1	criteria provided, single submitter	missense_variant	40217530	ENST00000287598	False	C	G	15-40217530-C-G	905	15 40217530 . C G . . .	True	False
15-40217533-G-A	3483211	Uncertain significance	1	criteria provided, single submitter	missense_variant	40217533	ENST00000287598	False	G	A	15-40217533-G-A	906	15 40217533 . G A . . .	True	False
15-40217534-C-G	3993737	Uncertain significance	1	criteria provided, single submitter	missense_variant	40217534	ENST00000287598	False	C	G	15-40217534-C-G	906	15 40217534 . C G . . .	True	False
15-40217534-C-T	3262266	Uncertain significance	1	criteria provided, single submitter	missense_variant	40217534	ENST00000287598	False	C	T	15-40217534-C-T	906	15 40217534 . C T . . .	True	False
15-40217546-T-A	238665	Uncertain significance	1	criteria provided, single submitter	missense_variant	40217546	ENST00000287598	True	T	A	15-40217546-T-A	910	15 40217546 . T A . . .	True	False
15-40217548-G-C	3826077	Uncertain significance	1	criteria provided, single submitter	missense_variant	40217548	ENST00000287598	True	G	C	15-40217548-G-C	911	15 40217548 . G C . . .	True	False
15-40217552-T-C	1795333	Uncertain significance	1	criteria provided, single submitter	missense_variant	40217552	ENST00000287598	True	T	C	15-40217552-T-C	912	15 40217552 . T C . . .	True	False
15-40217554-T-G	1998138	Uncertain significance	1	criteria provided, single submitter	missense_variant	40217554	ENST00000287598	False	T	G	15-40217554-T-G	913	15 40217554 . T G . . .	True	False
15-40217561-G-A	3483231	Uncertain significance	1	criteria provided, single submitter	missense_variant	40217561	ENST00000287598	False	G	A	15-40217561-G-A	915	15 40217561 . G A . . .	True	False
15-40217562-T-A	1026235	Uncertain significance	2	criteria provided, multiple submitters, no conflicts	missense_variant	40217562	ENST00000287598	False	T	A	15-40217562-T-A	915	15 40217562 . T A . . .	True	False
15-40217563-G-A	1795490	Uncertain significance	1	criteria provided, single submitter	missense_variant	40217563	ENST00000287598	True	G	A	15-40217563-G-A	916	15 40217563 . G A . . .	True	False
15-40217564-T-C	1795499	Uncertain significance	1	criteria provided, single submitter	missense_variant	40217564	ENST00000287598	True	T	C	15-40217564-T-C	916	15 40217564 . T C . . .	True	False
15-40217566-G-A	4216923	Uncertain significance	1	criteria provided, single submitter	missense_variant	40217566	ENST00000287598	False	G	A	15-40217566-G-A	917	15 40217566 . G A . . .	True	False
15-40217569-C-G	1318456	Uncertain significance	2	criteria provided, multiple submitters, no conflicts	missense_variant	40217569	ENST00000287598	True	C	G	15-40217569-C-G	918	15 40217569 . C G . . .	True	False
15-40217569-C-T	568063	Uncertain significance	2	criteria provided, multiple submitters, no conflicts	missense_variant	40217569	ENST00000287598	True	C	T	15-40217569-C-T	918	15 40217569 . C T . . .	True	False
15-40217573-G-A	1795610	Uncertain significance	1	criteria provided, single submitter	missense_variant	40217573	ENST00000287598	False	G	A	15-40217573-G-A	919	15 40217573 . G A . . .	True	False
15-40217573-G-T	4216968	Uncertain significance	1	criteria provided, single submitter	missense_variant	40217573	ENST00000287598	False	G	T	15-40217573-G-T	919	15 40217573 . G T . . .	True	False
15-40217575-G-A	4599990	Uncertain significance	1	criteria provided, single submitter	missense_variant	40217575	ENST00000287598	True	G	A	15-40217575-G-A	920	15 40217575 . G A . . .	True	False
15-40217575-G-T	3826132	Uncertain significance	1	criteria provided, single submitter	missense_variant	40217575	ENST00000287598	True	G	T	15-40217575-G-T	920	15 40217575 . G T . . .	True	False
15-40217576-T-G	3262204	Uncertain significance	2	criteria provided, multiple submitters, no conflicts	missense_variant	40217576	ENST00000287598	False	T	G	15-40217576-T-G	920	15 40217576 . T G . . .	True	False
15-40217578-C-A	4600654	Uncertain significance	1	criteria provided, single submitter	missense_variant	40217578	ENST00000287598	False	C	A	15-40217578-C-A	921	15 40217578 . C A . . .	True	False
15-40217579-A-C	2585927	Uncertain significance	1	criteria provided, single submitter	missense_variant	40217579	ENST00000287598	True	A	C	15-40217579-A-C	921	15 40217579 . A C . . .	True	False
15-40217579-A-G	3993708	Uncertain significance	1	criteria provided, single submitter	missense_variant	40217579	ENST00000287598	False	A	G	15-40217579-A-G	921	15 40217579 . A G . . .	True	False
15-40217579-A-T	582237	Uncertain significance	2	criteria provided, multiple submitters, no conflicts	missense_variant	40217579	ENST00000287598	True	A	T	15-40217579-A-T	921	15 40217579 . A T . . .	True	False
15-40217580-G-C	6762	Conflicting classifications of pathogenicity	1	criteria provided, conflicting classifications	missense_variant	40217580	ENST00000287598	True	G	C	15-40217580-G-C	921	15 40217580 . G C . . .	True	False
15-40217585-A-G	1795757	Uncertain significance	1	criteria provided, single submitter	missense_variant	40217585	ENST00000287598	False	A	G	15-40217585-A-G	923	15 40217585 . A G . . .	True	False
15-40217594-C-T	1000462	Uncertain significance	2	criteria provided, multiple submitters, no conflicts	missense_variant	40217594	ENST00000287598	True	C	T	15-40217594-C-T	926	15 40217594 . C T . . .	True	False
15-40217596-C-G	1795882	Uncertain significance	1	criteria provided, single submitter	missense_variant	40217596	ENST00000287598	False	C	G	15-40217596-C-G	927	15 40217596 . C G . . .	True	False
15-40217596-C-T	3221407	Uncertain significance	1	criteria provided, single submitter	missense_variant	40217596	ENST00000287598	False	C	T	15-40217596-C-T	927	15 40217596 . C T . . .	True	False
15-40217599-A-G	1795945	Uncertain significance	1	criteria provided, single submitter	missense_variant	40217599	ENST00000287598	True	A	G	15-40217599-A-G	928	15 40217599 . A G . . .	True	False
15-40217600-G-C	962624	Uncertain significance	2	criteria provided, multiple submitters, no conflicts	missense_variant	40217600	ENST00000287598	True	G	C	15-40217600-G-C	928	15 40217600 . G C . . .	True	False
15-40217601-C-A	3826085	Uncertain significance	1	criteria provided, single submitter	missense_variant	40217601	ENST00000287598	True	C	A	15-40217601-C-A	928	15 40217601 . C A . . .	True	False
15-40217602-G-A	403742	Conflicting classifications of pathogenicity	1	criteria provided, conflicting classifications	missense_variant	40217602	ENST00000287598	True	G	A	15-40217602-G-A	929	15 40217602 . G A . . .	True	False
15-40217603-G-T	3262234	Uncertain significance	1	criteria provided, single submitter	missense_variant	40217603	ENST00000287598	False	G	T	15-40217603-G-T	929	15 40217603 . G T . . .	True	False
15-40217608-C-T	1001856	Uncertain significance	2	criteria provided, multiple submitters, no conflicts	missense_variant	40217608	ENST00000287598	True	C	T	15-40217608-C-T	931	15 40217608 . C T . . .	True	False
15-40217609-G-A	658305	Uncertain significance	2	criteria provided, multiple submitters, no conflicts	missense_variant	40217609	ENST00000287598	True	G	A	15-40217609-G-A	931	15 40217609 . G A . . .	True	False
15-40217609-G-C	938039	Uncertain significance	2	criteria provided, multiple submitters, no conflicts	missense_variant	40217609	ENST00000287598	True	G	C	15-40217609-G-C	931	15 40217609 . G C . . .	True	False
15-40217611-A-G	1796080	Uncertain significance	1	criteria provided, single submitter	missense_variant	40217611	ENST00000287598	True	A	G	15-40217611-A-G	932	15 40217611 . A G . . .	True	False
15-40217614-G-A	1796102	Uncertain significance	1	criteria provided, single submitter	missense_variant	40217614	ENST00000287598	True	G	A	15-40217614-G-A	933	15 40217614 . G A . . .	True	False
15-40217614-G-T	3262198	Uncertain significance	1	criteria provided, single submitter	missense_variant	40217614	ENST00000287598	True	G	T	15-40217614-G-T	933	15 40217614 . G T . . .	True	False
15-40217618-A-G	403744	Uncertain significance	2	criteria provided, multiple submitters, no conflicts	missense_variant	40217618	ENST00000287598	True	A	G	15-40217618-A-G	934	15 40217618 . A G . . .	True	False
15-40217619-G-C	1796234	Uncertain significance	1	criteria provided, single submitter	missense_variant	40217619	ENST00000287598	True	G	C	15-40217619-G-C	934	15 40217619 . G C . . .	True	False
15-40217621-T-C	1796251	Uncertain significance	2	criteria provided, multiple submitters, no conflicts	missense_variant	40217621	ENST00000287598	True	T	C	15-40217621-T-C	935	15 40217621 . T C . . .	True	False
15-40217622-C-G	654354	Uncertain significance	2	criteria provided, multiple submitters, no conflicts	missense_variant	40217622	ENST00000287598	True	C	G	15-40217622-C-G	935	15 40217622 . C G . . .	True	False
15-40217624-T-C	1356380	Uncertain significance	1	criteria provided, single submitter	missense_variant	40217624	ENST00000287598	False	T	C	15-40217624-T-C	936	15 40217624 . T C . . .	True	False
15-40217626-G-A	1796298	Uncertain significance	1	criteria provided, single submitter	missense_variant	40217626	ENST00000287598	True	G	A	15-40217626-G-A	937	15 40217626 . G A . . .	True	False
15-40217627-A-G	1052244	Uncertain significance	2	criteria provided, multiple submitters, no conflicts	missense_variant	40217627	ENST00000287598	True	A	G	15-40217627-A-G	937	15 40217627 . A G . . .	True	False
15-40217628-A-C	1796333	Uncertain significance	1	criteria provided, single submitter	missense_variant	40217628	ENST00000287598	False	A	C	15-40217628-A-C	937	15 40217628 . A C . . .	True	False
15-40217629-G-A	3262253	Uncertain significance	1	criteria provided, single submitter	missense_variant	40217629	ENST00000287598	False	G	A	15-40217629-G-A	938	15 40217629 . G A . . .	True	False
15-40217633-A-C	1717106	Uncertain significance	1	criteria provided, single submitter	missense_variant	40217633	ENST00000287598	False	A	C	15-40217633-A-C	939	15 40217633 . A C . . .	True	False
15-40217637-G-C	1966674	Uncertain significance	1	criteria provided, single submitter	missense_variant	40217637	ENST00000287598	False	G	C	15-40217637-G-C	940	15 40217637 . G C . . .	True	False
15-40217637-G-T	1796447	Uncertain significance	2	criteria provided, multiple submitters, no conflicts	missense_variant	40217637	ENST00000287598	True	G	T	15-40217637-G-T	940	15 40217637 . G T . . .	True	False
15-40217644-G-A	1796514	Uncertain significance	2	criteria provided, multiple submitters, no conflicts	missense_variant	40217644	ENST00000287598	False	G	A	15-40217644-G-A	943	15 40217644 . G A . . .	True	False
15-40217645-C-G	2497656	Uncertain significance	2	criteria provided, multiple submitters, no conflicts	missense_variant	40217645	ENST00000287598	False	C	G	15-40217645-C-G	943	15 40217645 . C G . . .	True	False
15-40217645-C-T	2003743	Uncertain significance	1	criteria provided, single submitter	missense_variant	40217645	ENST00000287598	False	C	T	15-40217645-C-T	943	15 40217645 . C T . . .	True	False
15-40217651-G-A	840075	Uncertain significance	1	criteria provided, single submitter	missense_variant	40217651	ENST00000287598	True	G	A	15-40217651-G-A	945	15 40217651 . G A . . .	True	False
15-40217659-C-T	3577089	Uncertain significance	2	criteria provided, multiple submitters, no conflicts	missense_variant	40217659	ENST00000287598	True	C	T	15-40217659-C-T	948	15 40217659 . C T . . .	True	False
15-40217660-C-T	3377818	Uncertain significance	1	criteria provided, single submitter	missense_variant	40217660	ENST00000287598	False	C	T	15-40217660-C-T	948	15 40217660 . C T . . .	True	False
15-40217663-A-G	1796771	Uncertain significance	1	criteria provided, single submitter	missense_variant	40217663	ENST00000287598	False	A	G	15-40217663-A-G	949	15 40217663 . A G . . .	True	False
15-40217666-A-G	1109153	Conflicting classifications of pathogenicity	1	criteria provided, conflicting classifications	missense_variant	40217666	ENST00000287598	True	A	G	15-40217666-A-G	950	15 40217666 . A G . . .	True	False
15-40218456-G-A	1796845	Uncertain significance	1	criteria provided, single submitter	missense_variant	40218456	ENST00000287598	False	G	A	15-40218456-G-A	951	15 40218456 . G A . . .	True	False
15-40218459-G-C	1365445	Uncertain significance	1	criteria provided, single submitter	missense_variant	40218459	ENST00000287598	False	G	C	15-40218459-G-C	952	15 40218459 . G C . . .	True	False
15-40218466-T-G	4826649	Uncertain significance	1	criteria provided, single submitter	missense_variant	40218466	ENST00000287598	False	T	G	15-40218466-T-G	954	15 40218466 . T G . . .	True	False
15-40218469-G-A	1796988	Uncertain significance	1	criteria provided, single submitter	missense_variant	40218469	ENST00000287598	True	G	A	15-40218469-G-A	955	15 40218469 . G A . . .	True	False
15-40218469-G-C	3826060	Uncertain significance	1	criteria provided, single submitter	missense_variant	40218469	ENST00000287598	False	G	C	15-40218469-G-C	955	15 40218469 . G C . . .	True	False
15-40218471-A-G	403752	Uncertain significance	2	criteria provided, multiple submitters, no conflicts	missense_variant	40218471	ENST00000287598	True	A	G	15-40218471-A-G	956	15 40218471 . A G . . .	True	False
15-40218472-T-C	3483200	Uncertain significance	1	criteria provided, single submitter	missense_variant	40218472	ENST00000287598	False	T	C	15-40218472-T-C	956	15 40218472 . T C . . .	True	False
15-40218474-G-T	4826654	Uncertain significance	1	criteria provided, single submitter	missense_variant	40218474	ENST00000287598	False	G	T	15-40218474-G-T	957	15 40218474 . G T . . .	True	False
15-40218475-C-G	1718739	Uncertain significance	1	criteria provided, single submitter	missense_variant	40218475	ENST00000287598	False	C	G	15-40218475-C-G	957	15 40218475 . C G . . .	True	False
15-40218477-G-A	3826110	Uncertain significance	1	criteria provided, single submitter	missense_variant	40218477	ENST00000287598	True	G	A	15-40218477-G-A	958	15 40218477 . G A . . .	True	False
15-40218481-T-C	3221409	Uncertain significance	1	criteria provided, single submitter	missense_variant	40218481	ENST00000287598	False	T	C	15-40218481-T-C	959	15 40218481 . T C . . .	True	False
15-40218486-C-T	4600620	Uncertain significance	1	criteria provided, single submitter	missense_variant	40218486	ENST00000287598	False	C	T	15-40218486-C-T	961	15 40218486 . C T . . .	True	False
15-40218490-T-C	2752270	Uncertain significance	2	criteria provided, multiple submitters, no conflicts	missense_variant	40218490	ENST00000287598	True	T	C	15-40218490-T-C	962	15 40218490 . T C . . .	True	False
15-40218493-T-C	2497651	Uncertain significance	1	criteria provided, single submitter	missense_variant	40218493	ENST00000287598	True	T	C	15-40218493-T-C	963	15 40218493 . T C . . .	True	False
15-40218496-T-C	3712556	Uncertain significance	1	criteria provided, single submitter	missense_variant	40218496	ENST00000287598	True	T	C	15-40218496-T-C	964	15 40218496 . T C . . .	True	False
15-40218499-T-C	4599907	Uncertain significance	1	criteria provided, single submitter	missense_variant	40218499	ENST00000287598	False	T	C	15-40218499-T-C	965	15 40218499 . T C . . .	True	False
15-40218501-A-G	3262222	Uncertain significance	1	criteria provided, single submitter	missense_variant	40218501	ENST00000287598	False	A	G	15-40218501-A-G	966	15 40218501 . A G . . .	True	False
15-40218502-A-G	1024842	Uncertain significance	1	criteria provided, single submitter	missense_variant	40218502	ENST00000287598	False	A	G	15-40218502-A-G	966	15 40218502 . A G . . .	True	False
15-40218503-G-T	3221410	Uncertain significance	1	criteria provided, single submitter	missense_variant	40218503	ENST00000287598	False	G	T	15-40218503-G-T	966	15 40218503 . G T . . .	True	False
15-40218506-A-T	659372	Uncertain significance	2	criteria provided, multiple submitters, no conflicts	missense_variant	40218506	ENST00000287598	True	A	T	15-40218506-A-T	967	15 40218506 . A T . . .	True	False
15-40218507-C-T	2124256	Uncertain significance	2	criteria provided, multiple submitters, no conflicts	missense_variant	40218507	ENST00000287598	False	C	T	15-40218507-C-T	968	15 40218507 . C T . . .	True	False
15-40218508-A-G	4216987	Uncertain significance	2	criteria provided, multiple submitters, no conflicts	missense_variant	40218508	ENST00000287598	True	A	G	15-40218508-A-G	968	15 40218508 . A G . . .	True	False
15-40218509-C-A	1008939	Uncertain significance	2	criteria provided, multiple submitters, no conflicts	missense_variant	40218509	ENST00000287598	True	C	A	15-40218509-C-A	968	15 40218509 . C A . . .	True	False
15-40218509-C-G	2497647	Uncertain significance	1	criteria provided, single submitter	missense_variant	40218509	ENST00000287598	False	C	G	15-40218509-C-G	968	15 40218509 . C G . . .	True	False
15-40218510-C-G	3577090	Uncertain significance	1	criteria provided, single submitter	missense_variant	40218510	ENST00000287598	False	C	G	15-40218510-C-G	969	15 40218510 . C G . . .	True	False
15-40218514-A-C	1797539	Uncertain significance	1	criteria provided, single submitter	missense_variant	40218514	ENST00000287598	True	A	C	15-40218514-A-C	970	15 40218514 . A C . . .	True	False
15-40218514-A-G	3483197	Uncertain significance	1	criteria provided, single submitter	missense_variant	40218514	ENST00000287598	True	A	G	15-40218514-A-G	970	15 40218514 . A G . . .	True	False
15-40218515-G-T	1797581	Uncertain significance	2	criteria provided, multiple submitters, no conflicts	missense_variant	40218515	ENST00000287598	False	G	T	15-40218515-G-T	970	15 40218515 . G T . . .	True	False
15-40218517-T-C	2565439	Uncertain significance	1	criteria provided, single submitter	missense_variant	40218517	ENST00000287598	False	T	C	15-40218517-T-C	971	15 40218517 . T C . . .	True	False
15-40218520-T-C	3826122	Uncertain significance	1	criteria provided, single submitter	missense_variant	40218520	ENST00000287598	True	T	C	15-40218520-T-C	972	15 40218520 . T C . . .	True	False
15-40218521-C-G	4826661	Uncertain significance	1	criteria provided, single submitter	missense_variant	40218521	ENST00000287598	False	C	G	15-40218521-C-G	972	15 40218521 . C G . . .	True	False
15-40218526-A-C	2858979	Uncertain significance	1	criteria provided, single submitter	missense_variant	40218526	ENST00000287598	False	A	C	15-40218526-A-C	974	15 40218526 . A C . . .	True	False
15-40218526-A-G	4755102	Uncertain significance	1	criteria provided, single submitter	missense_variant	40218526	ENST00000287598	False	A	G	15-40218526-A-G	974	15 40218526 . A G . . .	True	False
15-40218528-G-A	3483153	Uncertain significance	1	criteria provided, single submitter	missense_variant	40218528	ENST00000287598	True	G	A	15-40218528-G-A	975	15 40218528 . G A . . .	True	False
15-40218532-C-T	3577091	Uncertain significance	1	criteria provided, single submitter	missense_variant	40218532	ENST00000287598	True	C	T	15-40218532-C-T	976	15 40218532 . C T . . .	True	False
15-40218535-T-C	2450845	Uncertain significance	1	criteria provided, single submitter	missense_variant	40218535	ENST00000287598	False	T	C	15-40218535-T-C	977	15 40218535 . T C . . .	True	False
15-40218536-C-A	2450821	Likely benign	1	criteria provided, single submitter	missense_variant	40218536	ENST00000287598	False	C	A	15-40218536-C-A	977	15 40218536 . C A . . .	True	True
15-40218538-G-T	1434682	Uncertain significance	2	criteria provided, multiple submitters, no conflicts	missense_variant	40218538	ENST00000287598	True	G	T	15-40218538-G-T	978	15 40218538 . G T . . .	True	False
15-40218547-G-A	2565471	Uncertain significance	1	criteria provided, single submitter	missense_variant	40218547	ENST00000287598	False	G	A	15-40218547-G-A	981	15 40218547 . G A . . .	True	False
15-40218547-G-C	4599979	Uncertain significance	1	criteria provided, single submitter	missense_variant	40218547	ENST00000287598	True	G	C	15-40218547-G-C	981	15 40218547 . G C . . .	True	False
15-40218550-A-G	3483169	Uncertain significance	1	criteria provided, single submitter	missense_variant	40218550	ENST00000287598	False	A	G	15-40218550-A-G	982	15 40218550 . A G . . .	True	False
15-40218551-A-C	4216978	Uncertain significance	1	criteria provided, single submitter	missense_variant	40218551	ENST00000287598	False	A	C	15-40218551-A-C	982	15 40218551 . A C . . .	True	False
15-40218552-A-G	3221414	Uncertain significance	1	criteria provided, single submitter	missense_variant	40218552	ENST00000287598	True	A	G	15-40218552-A-G	983	15 40218552 . A G . . .	True	False
15-40218559-C-T	1798093	Uncertain significance	1	criteria provided, single submitter	missense_variant	40218559	ENST00000287598	False	C	T	15-40218559-C-T	985	15 40218559 . C T . . .	True	False
15-40218561-G-C	1798109	Uncertain significance	1	criteria provided, single submitter	missense_variant	40218561	ENST00000287598	False	G	C	15-40218561-G-C	986	15 40218561 . G C . . .	True	False
15-40220568-A-G	1059582	Uncertain significance	1	criteria provided, single submitter	missense_variant	40220568	ENST00000287598	False	A	G	15-40220568-A-G	988	15 40220568 . A G . . .	True	False
15-40220572-A-T	3826087	Uncertain significance	1	criteria provided, single submitter	missense_variant	40220572	ENST00000287598	False	A	T	15-40220572-A-T	989	15 40220572 . A T . . .	True	False
15-40220575-G-A	2450835	Uncertain significance	2	criteria provided, multiple submitters, no conflicts	missense_variant	40220575	ENST00000287598	True	G	A	15-40220575-G-A	990	15 40220575 . G A . . .	True	False
15-40220577-G-A	1798293	Uncertain significance	1	criteria provided, single submitter	missense_variant	40220577	ENST00000287598	False	G	A	15-40220577-G-A	991	15 40220577 . G A . . .	True	False
15-40220585-G-T	403747	Uncertain significance	2	criteria provided, multiple submitters, no conflicts	missense_variant	40220585	ENST00000287598	True	G	T	15-40220585-G-T	993	15 40220585 . G T . . .	True	False
15-40220589-A-G	4760647	Uncertain significance	1	criteria provided, single submitter	missense_variant	40220589	ENST00000287598	False	A	G	15-40220589-A-G	995	15 40220589 . A G . . .	True	False
15-40220590-A-C	3675910	Uncertain significance	1	criteria provided, single submitter	missense_variant	40220590	ENST00000287598	False	A	C	15-40220590-A-C	995	15 40220590 . A C . . .	True	False
15-40220591-A-C	1798427	Uncertain significance	1	criteria provided, single submitter	missense_variant	40220591	ENST00000287598	True	A	C	15-40220591-A-C	995	15 40220591 . A C . . .	True	False
15-40220592-T-G	3993700	Uncertain significance	1	criteria provided, single submitter	missense_variant	40220592	ENST00000287598	False	T	G	15-40220592-T-G	996	15 40220592 . T G . . .	True	False
15-40220593-T-C	3826098	Uncertain significance	1	criteria provided, single submitter	missense_variant	40220593	ENST00000287598	False	T	C	15-40220593-T-C	996	15 40220593 . T C . . .	True	False
15-40220594-C-G	1798467	Uncertain significance	1	criteria provided, single submitter	missense_variant	40220594	ENST00000287598	False	C	G	15-40220594-C-G	996	15 40220594 . C G . . .	True	False
15-40220601-C-T	849135	Uncertain significance	2	criteria provided, multiple submitters, no conflicts	missense_variant	40220601	ENST00000287598	True	C	T	15-40220601-C-T	999	15 40220601 . C T . . .	True	False
15-40220602-G-A	465377	Uncertain significance	2	criteria provided, multiple submitters, no conflicts	missense_variant	40220602	ENST00000287598	True	G	A	15-40220602-G-A	999	15 40220602 . G A . . .	True	False
15-40220602-G-T	1798579	Uncertain significance	1	criteria provided, single submitter	missense_variant	40220602	ENST00000287598	False	G	T	15-40220602-G-T	999	15 40220602 . G T . . .	True	False
15-40220605-T-G	1798601	Uncertain significance	1	criteria provided, single submitter	missense_variant	40220605	ENST00000287598	True	T	G	15-40220605-T-G	1000	15 40220605 . T G . . .	True	False
15-40220608-T-C	3483180	Uncertain significance	1	criteria provided, single submitter	missense_variant	40220608	ENST00000287598	False	T	C	15-40220608-T-C	1001	15 40220608 . T C . . .	True	False
15-40220612-T-A	4600147	Uncertain significance	1	criteria provided, single submitter	missense_variant	40220612	ENST00000287598	False	T	A	15-40220612-T-A	1002	15 40220612 . T A . . .	True	False
15-40220613-G-A	3221415	Uncertain significance	1	criteria provided, single submitter	missense_variant	40220613	ENST00000287598	True	G	A	15-40220613-G-A	1003	15 40220613 . G A . . .	True	False
15-40220616-A-C	1798808	Uncertain significance	1	criteria provided, single submitter	missense_variant	40220616	ENST00000287598	True	A	C	15-40220616-A-C	1004	15 40220616 . A C . . .	True	False
15-40220616-A-G	3993726	Uncertain significance	1	criteria provided, single submitter	missense_variant	40220616	ENST00000287598	False	A	G	15-40220616-A-G	1004	15 40220616 . A G . . .	True	False
15-40220617-A-G	133772	Benign/Likely benign	2	criteria provided, multiple submitters, no conflicts	missense_variant	40220617	ENST00000287598	True	A	G	15-40220617-A-G	1004	15 40220617 . A G . . .	True	True
15-40220619-G-A	3221417	Uncertain significance	1	criteria provided, single submitter	missense_variant	40220619	ENST00000287598	True	G	A	15-40220619-G-A	1005	15 40220619 . G A . . .	True	False
15-40220619-G-C	1798828	Uncertain significance	2	criteria provided, multiple submitters, no conflicts	missense_variant	40220619	ENST00000287598	True	G	C	15-40220619-G-C	1005	15 40220619 . G C . . .	True	False
15-40220621-T-G	1798851	Uncertain significance	2	criteria provided, multiple submitters, no conflicts	missense_variant	40220621	ENST00000287598	True	T	G	15-40220621-T-G	1005	15 40220621 . T G . . .	True	False
15-40220623-A-T	4824230	Uncertain significance	1	criteria provided, single submitter	missense_variant	40220623	ENST00000287598	False	A	T	15-40220623-A-T	1006	15 40220623 . A T . . .	True	False
15-40220625-G-A	1798884	Uncertain significance	1	criteria provided, single submitter	missense_variant	40220625	ENST00000287598	False	G	A	15-40220625-G-A	1007	15 40220625 . G A . . .	True	False
15-40220626-C-G	1034718	Uncertain significance	2	criteria provided, multiple submitters, no conflicts	missense_variant	40220626	ENST00000287598	True	C	G	15-40220626-C-G	1007	15 40220626 . C G . . .	True	False
15-40220626-C-T	4824242	Uncertain significance	1	criteria provided, single submitter	missense_variant	40220626	ENST00000287598	False	C	T	15-40220626-C-T	1007	15 40220626 . C T . . .	True	False
15-40220628-A-C	3993669	Uncertain significance	1	criteria provided, single submitter	missense_variant	40220628	ENST00000287598	False	A	C	15-40220628-A-C	1008	15 40220628 . A C . . .	True	False
15-40220628-A-G	950342	Uncertain significance	2	criteria provided, multiple submitters, no conflicts	missense_variant	40220628	ENST00000287598	True	A	G	15-40220628-A-G	1008	15 40220628 . A G . . .	True	False
15-40220631-G-T	3262264	Uncertain significance	1	criteria provided, single submitter	missense_variant	40220631	ENST00000287598	True	G	T	15-40220631-G-T	1009	15 40220631 . G T . . .	True	False
15-40220632-T-C	1798967	Uncertain significance	2	criteria provided, multiple submitters, no conflicts	missense_variant	40220632	ENST00000287598	True	T	C	15-40220632-T-C	1009	15 40220632 . T C . . .	True	False
15-40220632-T-G	3221419	Uncertain significance	1	criteria provided, single submitter	missense_variant	40220632	ENST00000287598	True	T	G	15-40220632-T-G	1009	15 40220632 . T G . . .	True	False
15-40220634-T-A	4600305	Uncertain significance	1	criteria provided, single submitter	missense_variant	40220634	ENST00000287598	False	T	A	15-40220634-T-A	1010	15 40220634 . T A . . .	True	False
15-40220634-T-C	1436709	Uncertain significance	2	criteria provided, multiple submitters, no conflicts	missense_variant	40220634	ENST00000287598	True	T	C	15-40220634-T-C	1010	15 40220634 . T C . . .	True	False
15-40220635-C-G	3000957	Uncertain significance	1	criteria provided, single submitter	missense_variant	40220635	ENST00000287598	True	C	G	15-40220635-C-G	1010	15 40220635 . C G . . .	True	False
15-40220635-C-T	1798991	Uncertain significance	1	criteria provided, single submitter	missense_variant	40220635	ENST00000287598	True	C	T	15-40220635-C-T	1010	15 40220635 . C T . . .	True	False
15-40220637-G-T	2250495	Uncertain significance	1	criteria provided, single submitter	missense_variant	40220637	ENST00000287598	False	G	T	15-40220637-G-T	1011	15 40220637 . G T . . .	True	False
15-40220640-C-T	1799075	Uncertain significance	1	criteria provided, single submitter	missense_variant	40220640	ENST00000287598	False	C	T	15-40220640-C-T	1012	15 40220640 . C T . . .	True	False
15-40220641-T-C	6765	Uncertain significance	2	criteria provided, multiple submitters, no conflicts	missense_variant	40220641	ENST00000287598	True	T	C	15-40220641-T-C	1012	15 40220641 . T C . . .	True	False
15-40220643-G-C	3262227	Likely benign	1	criteria provided, single submitter	missense_variant	40220643	ENST00000287598	False	G	C	15-40220643-G-C	1013	15 40220643 . G C . . .	True	True
15-40220644-G-A	1799106	Uncertain significance	1	criteria provided, single submitter	missense_variant	40220644	ENST00000287598	True	G	A	15-40220644-G-A	1013	15 40220644 . G A . . .	True	False
15-40220644-G-C	1799108	Uncertain significance	1	criteria provided, single submitter	missense_variant	40220644	ENST00000287598	False	G	C	15-40220644-G-C	1013	15 40220644 . G C . . .	True	False
15-40220648-G-C	4599970	Uncertain significance	1	criteria provided, single submitter	missense_variant	40220648	ENST00000287598	True	G	C	15-40220648-G-C	1014	15 40220648 . G C . . .	True	False
15-40220649-C-A	3483148	Uncertain significance	1	criteria provided, single submitter	missense_variant	40220649	ENST00000287598	False	C	A	15-40220649-C-A	1015	15 40220649 . C A . . .	True	False
15-40220653-C-A	3262256	Uncertain significance	1	criteria provided, single submitter	missense_variant	40220653	ENST00000287598	False	C	A	15-40220653-C-A	1016	15 40220653 . C A . . .	True	False
15-40220655-G-A	1444351	Uncertain significance	2	criteria provided, multiple submitters, no conflicts	missense_variant	40220655	ENST00000287598	True	G	A	15-40220655-G-A	1017	15 40220655 . G A . . .	True	False
15-40220656-C-G	1799267	Uncertain significance	1	criteria provided, single submitter	missense_variant	40220656	ENST00000287598	False	C	G	15-40220656-C-G	1017	15 40220656 . C G . . .	True	False
15-40220661-A-G	580696	Uncertain significance	1	criteria provided, single submitter	missense_variant	40220661	ENST00000287598	False	A	G	15-40220661-A-G	1019	15 40220661 . A G . . .	True	False
15-40220662-T-C	2565474	Uncertain significance	1	criteria provided, single submitter	missense_variant	40220662	ENST00000287598	False	T	C	15-40220662-T-C	1019	15 40220662 . T C . . .	True	False
15-40220665-A-G	3687289	Uncertain significance	1	criteria provided, single submitter	missense_variant	40220665	ENST00000287598	True	A	G	15-40220665-A-G	1020	15 40220665 . A G . . .	True	False
15-40220667-G-A	2497664	Uncertain significance	1	criteria provided, single submitter	missense_variant	40220667	ENST00000287598	False	G	A	15-40220667-G-A	1021	15 40220667 . G A . . .	True	False
15-40220668-G-C	1799389	Uncertain significance	2	criteria provided, multiple submitters, no conflicts	missense_variant	40220668	ENST00000287598	True	G	C	15-40220668-G-C	1021	15 40220668 . G C . . .	True	False
15-40220668-G-T	4754021	Uncertain significance	1	criteria provided, single submitter	missense_variant	40220668	ENST00000287598	False	G	T	15-40220668-G-T	1021	15 40220668 . G T . . .	True	False
15-40220671-T-A	1799422	Uncertain significance	1	criteria provided, single submitter	missense_variant	40220671	ENST00000287598	False	T	A	15-40220671-T-A	1022	15 40220671 . T A . . .	True	False
15-40220673-T-G	577193	Uncertain significance	1	criteria provided, single submitter	missense_variant	40220673	ENST00000287598	False	T	G	15-40220673-T-G	1023	15 40220673 . T G . . .	True	False
15-40220676-G-C	1799498	Uncertain significance	1	criteria provided, single submitter	missense_variant	40220676	ENST00000287598	True	G	C	15-40220676-G-C	1024	15 40220676 . G C . . .	True	False
15-40220680-C-A	652908	Uncertain significance	1	criteria provided, single submitter	missense_variant	40220680	ENST00000287598	False	C	A	15-40220680-C-A	1025	15 40220680 . C A . . .	True	False
15-40220680-C-T	1384003	Conflicting classifications of pathogenicity	1	criteria provided, conflicting classifications	missense_variant	40220680	ENST00000287598	True	C	T	15-40220680-C-T	1025	15 40220680 . C T . . .	True	False
15-40220682-A-G	1036336	Uncertain significance	2	criteria provided, multiple submitters, no conflicts	missense_variant	40220682	ENST00000287598	True	A	G	15-40220682-A-G	1026	15 40220682 . A G . . .	True	False
15-40220683-C-T	3826059	Uncertain significance	1	criteria provided, single submitter	missense_variant	40220683	ENST00000287598	False	C	T	15-40220683-C-T	1026	15 40220683 . C T . . .	True	False
15-40220688-C-G	947680	Uncertain significance	2	criteria provided, multiple submitters, no conflicts	missense_variant	40220688	ENST00000287598	True	C	G	15-40220688-C-G	1028	15 40220688 . C G . . .	True	False
15-40220691-A-G	3483251	Uncertain significance	1	criteria provided, single submitter	missense_variant	40220691	ENST00000287598	False	A	G	15-40220691-A-G	1029	15 40220691 . A G . . .	True	False
15-40220694-C-T	2562091	Uncertain significance	1	criteria provided, single submitter	missense_variant	40220694	ENST00000287598	False	C	T	15-40220694-C-T	1030	15 40220694 . C T . . .	True	False
15-40220696-C-G	4842708	Uncertain significance	1	criteria provided, single submitter	missense_variant	40220696	ENST00000287598	False	C	G	15-40220696-C-G	1030	15 40220696 . C G . . .	True	False
15-40220700-A-C	403757	Conflicting classifications of pathogenicity	1	criteria provided, conflicting classifications	missense_variant	40220700	ENST00000287598	True	A	C	15-40220700-A-C	1032	15 40220700 . A C . . .	True	False
15-40220702-C-G	1727513	Uncertain significance	1	criteria provided, single submitter	missense_variant	40220702	ENST00000287598	False	C	G	15-40220702-C-G	1032	15 40220702 . C G . . .	True	False
15-40220704-A-G	3262261	Uncertain significance	1	criteria provided, single submitter	missense_variant	40220704	ENST00000287598	False	A	G	15-40220704-A-G	1033	15 40220704 . A G . . .	True	False
15-40220706-G-A	3826115	Uncertain significance	1	criteria provided, single submitter	missense_variant	40220706	ENST00000287598	True	G	A	15-40220706-G-A	1034	15 40220706 . G A . . .	True	False
15-40220706-G-T	4216982	Uncertain significance	1	criteria provided, single submitter	missense_variant	40220706	ENST00000287598	True	G	T	15-40220706-G-T	1034	15 40220706 . G T . . .	True	False
15-40220709-T-G	1727669	Uncertain significance	1	criteria provided, single submitter	missense_variant	40220709	ENST00000287598	False	T	G	15-40220709-T-G	1035	15 40220709 . T G . . .	True	False
15-40220711-A-C	1356587	Uncertain significance	1	criteria provided, single submitter	missense_variant	40220711	ENST00000287598	True	A	C	15-40220711-A-C	1035	15 40220711 . A C . . .	True	False
15-40220713-G-T	2130229	Uncertain significance	1	criteria provided, single submitter	missense_variant	40220713	ENST00000287598	False	G	T	15-40220713-G-T	1036	15 40220713 . G T . . .	True	False
15-40220719-T-C	1057483	Uncertain significance	2	criteria provided, multiple submitters, no conflicts	missense_variant	40220719	ENST00000287598	True	T	C	15-40220719-T-C	1038	15 40220719 . T C . . .	True	False
15-40220721-G-A	1727799	Uncertain significance	1	criteria provided, single submitter	missense_variant	40220721	ENST00000287598	False	G	A	15-40220721-G-A	1039	15 40220721 . G A . . .	True	False
15-40220722-G-A	3221420	Uncertain significance	1	criteria provided, single submitter	missense_variant	40220722	ENST00000287598	False	G	A	15-40220722-G-A	1039	15 40220722 . G A . . .	True	False
15-40220725-A-G	2445267	Benign	1	criteria provided, single submitter	missense_variant	40220725	ENST00000287598	False	A	G	15-40220725-A-G	1040	15 40220725 . A G . . .	True	True
15-40220730-A-G	657676	Uncertain significance	2	criteria provided, multiple submitters, no conflicts	missense_variant	40220730	ENST00000287598	True	A	G	15-40220730-A-G	1042	15 40220730 . A G . . .	True	False
15-40220730-A-T	3262215	Uncertain significance	1	criteria provided, single submitter	missense_variant	40220730	ENST00000287598	False	A	T	15-40220730-A-T	1042	15 40220730 . A T . . .	True	False
15-40220731-C-G	1727886	Uncertain significance	1	criteria provided, single submitter	missense_variant	40220731	ENST00000287598	True	C	G	15-40220731-C-G	1042	15 40220731 . C G . . .	True	False
15-40220731-C-T	3221422	Likely benign	1	criteria provided, single submitter	missense_variant	40220731	ENST00000287598	False	C	T	15-40220731-C-T	1042	15 40220731 . C T . . .	True	True
15-40220733-A-C	3483179	Uncertain significance	1	criteria provided, single submitter	missense_variant	40220733	ENST00000287598	True	A	C	15-40220733-A-C	1043	15 40220733 . A C . . .	True	False
15-40220733-A-T	3221423	Uncertain significance	1	criteria provided, single submitter	missense_variant	40220733	ENST00000287598	False	A	T	15-40220733-A-T	1043	15 40220733 . A T . . .	True	False
15-40220734-G-A	1727914	Uncertain significance	1	criteria provided, single submitter	missense_variant	40220734	ENST00000287598	False	G	A	15-40220734-G-A	1043	15 40220734 . G A . . .	True	False
15-40220737-C-G	3262245	Uncertain significance	1	criteria provided, single submitter	missense_variant	40220737	ENST00000287598	False	C	G	15-40220737-C-G	1044	15 40220737 . C G . . .	True	False
15-40220739-G-C	1060492	Uncertain significance	1	criteria provided, single submitter	missense_variant	40220739	ENST00000287598	False	G	C	15-40220739-G-C	1045	15 40220739 . G C . . .	True	False
15-40220740-G-A	3221424	Uncertain significance	1	criteria provided, single submitter	missense_variant	40220740	ENST00000287598	False	G	A	15-40220740-G-A	1045	15 40220740 . G A . . .	True	False
15-40220742-G-C	1728016	Uncertain significance	2	criteria provided, multiple submitters, no conflicts	missense_variant	40220742	ENST00000287598	True	G	C	15-40220742-G-C	1046	15 40220742 . G C . . .	True	False
15-40220742-G-T	3483131	Uncertain significance	1	criteria provided, single submitter	missense_variant	40220742	ENST00000287598	False	G	T	15-40220742-G-T	1046	15 40220742 . G T . . .	True	False
15-40220743-C-T	3993707	Uncertain significance	1	criteria provided, single submitter	missense_variant	40220743	ENST00000287598	False	C	T	15-40220743-C-T	1046	15 40220743 . C T . . .	True	False
15-40220748-C-T	1728106	Uncertain significance	1	criteria provided, single submitter	missense_variant	40220748	ENST00000287598	True	C	T	15-40220748-C-T	1048	15 40220748 . C T . . .	True	False
15-40220749-T-C	4826660	Uncertain significance	1	criteria provided, single submitter	missense_variant	40220749	ENST00000287598	False	T	C	15-40220749-T-C	1048	15 40220749 . T C . . .	True	False
15-40220752-T-C	1363506	Uncertain significance	2	criteria provided, multiple submitters, no conflicts	missense_variant	40220752	ENST00000287598	True	T	C	15-40220752-T-C	1049	15 40220752 . T C . . .	True	False
15-40220755-A-G	1941928	Uncertain significance	1	criteria provided, single submitter	missense_variant	40220755	ENST00000287598	True	A	G	15-40220755-A-G	1050	15 40220755 . A G . . .	True	False
